family	status	logical_key	baseline_lookup_key_digest	current_lookup_key_digest	baseline_setup_fields	current_setup_fields	baseline_first_direct_setup_capacity	current_first_direct_setup_capacity	baseline_proof_bytes	current_proof_bytes	baseline_levels	current_levels	baseline_row_digest	current_row_digest	baseline_policy	current_policy
fp128_dense	changed	final=14:1;precommitted=	235fdc37cb4e83e243a17cafde8597967ef2316443a2656dee73a57dc55cac8e	235fdc37cb4e83e243a17cafde8597967ef2316443a2656dee73a57dc55cac8e	131072	131072	131072	32768	75264	64882	6	5	66a2c1808cbba9eacb2fbb49e4ac61e01abe65c19cce25ec3ffeb29712294a85	ca046dac80cc0382db77c2929a3b58ee42c784dbbae918241a8cc55498039162	L0[chunks=1@0,eor=0,in=16384,out=439232;witness=ET,s=-,h=-,partial=-,quotient=-,src=legacy,dA=256,sec=Linf]/L1[chunks=1@0,eor=0,in=439232,out=356800;witness=ET,s=-,h=-,partial=-,quotient=-,src=legacy,dA=128,sec=Linf]/L2[chunks=1@0,eor=0,in=356800,out=190464;witness=ET,s=-,h=-,partial=-,quotient=-,src=legacy,dA=64,sec=Linf]/L3[chunks=1@0,eor=0,in=190464,out=159872;witness=ET,s=-,h=-,partial=-,quotient=-,src=legacy,dA=64,sec=L2]/L4[chunks=1@0,eor=0,in=159872,out=97536;witness=ET,s=-,h=-,partial=-,quotient=-,src=legacy,dA=64,sec=L2]/T[method=ET,src=legacy,eor=0,input=97536,dA=64,sec=Linf]	cutover=L2;L0[chunks=1@0,rel=quotient,qrm=0,cqrm=0,eor=0,in=16384,out=470976;witness=PACK,s=64,h=8,partial=64,quotient=64,src=canonical,dA=512,sec=Linf]/L1[chunks=1@0,rel=quotient,qrm=0,cqrm=0,eor=0,in=470976,out=318976;witness=PACK,s=64,h=4,partial=64,quotient=64,src=canonical,dA=256,sec=Linf]/L2[chunks=1@0,rel=reduced-evaluation,qrm=14336,cqrm=1536,eor=0,in=318976,out=221184;witness=ET,s=-,h=-,partial=-,quotient=-,src=canonical,dA=64,sec=Linf]/L3[chunks=1@0,rel=reduced-evaluation,qrm=9984,cqrm=0,eor=0,in=221184,out=112128;witness=ET,s=-,h=-,partial=-,quotient=-,src=canonical,dA=64,sec=L2]/T[method=ET,src=canonical,eor=0,input=112128,dA=64,sec=L2]
fp128_dense	changed	final=15:2;precommitted=	c087e777d755574ba60cc3ed9d2768052d7510780d99c0fe235c0a00f0202e57	c087e777d755574ba60cc3ed9d2768052d7510780d99c0fe235c0a00f0202e57	176128	165120	262144	65536	71552	67108	6	6	4aaf484f1269c0d6fa3fc2f2c4b6d898201a1f4cd2e05b4f13a98f5d986526ed	e4be913b5330189555a846f0f80e5b4cc98042093554b4c2ec16bdbcacca70f5	L0[chunks=1@0,eor=0,in=32768,out=828352;witness=ET,s=-,h=-,partial=-,quotient=-,src=legacy,dA=256,sec=Linf]/L1[chunks=1@0,eor=0,in=828352,out=466816;witness=ET,s=-,h=-,partial=-,quotient=-,src=legacy,dA=128,sec=Linf]/L2[chunks=1@0,eor=0,in=466816,out=321024;witness=ET,s=-,h=-,partial=-,quotient=-,src=legacy,dA=64,sec=Linf]/L3[chunks=1@0,eor=0,in=321024,out=259584;witness=ET,s=-,h=-,partial=-,quotient=-,src=legacy,dA=64,sec=Linf]/L4[chunks=1@0,eor=0,in=259584,out=128768;witness=ET,s=-,h=-,partial=-,quotient=-,src=legacy,dA=64,sec=L2]/T[method=ET,src=legacy,eor=0,input=128768,dA=64,sec=L2]	cutover=L3;L0[chunks=1@0,rel=quotient,qrm=0,cqrm=0,eor=0,in=32768,out=812480;witness=PACK,s=64,h=8,partial=64,quotient=64,src=canonical,dA=512,sec=Linf]/L1[chunks=1@0,rel=quotient,qrm=0,cqrm=0,eor=0,in=812480,out=488704;witness=PACK,s=128,h=2,partial=128,quotient=128,src=canonical,dA=256,sec=Linf]/L2[chunks=1@0,rel=quotient,qrm=0,cqrm=0,eor=0,in=488704,out=379328;witness=ET,s=-,h=-,partial=-,quotient=-,src=canonical,dA=64,sec=Linf]/L3[chunks=1@0,rel=reduced-evaluation,qrm=12288,cqrm=1536,eor=0,in=379328,out=217088;witness=ET,s=-,h=-,partial=-,quotient=-,src=canonical,dA=64,sec=L2]/L4[chunks=1@0,rel=reduced-evaluation,qrm=9984,cqrm=0,eor=0,in=217088,out=112128;witness=ET,s=-,h=-,partial=-,quotient=-,src=canonical,dA=64,sec=L2]/T[method=ET,src=canonical,eor=0,input=112128,dA=64,sec=L2]
fp128_dense	changed	final=16:1;precommitted=	619d5acd56307a5aff5911635e36969a167028482b33cc55f9f90598a55554be	619d5acd56307a5aff5911635e36969a167028482b33cc55f9f90598a55554be	176128	165120	262144	65536	71552	67108	6	6	d95a3cf9decf3bdf38156e9cae560295eb7d2f71a1fac17be22fa6e0e6bd8831	bb4729fb9d392f31d3482902c6800f8a83ca66ddaf6e91cf4e64a5c91fa286bd	L0[chunks=1@0,eor=0,in=65536,out=828352;witness=ET,s=-,h=-,partial=-,quotient=-,src=legacy,dA=256,sec=Linf]/L1[chunks=1@0,eor=0,in=828352,out=466816;witness=ET,s=-,h=-,partial=-,quotient=-,src=legacy,dA=128,sec=Linf]/L2[chunks=1@0,eor=0,in=466816,out=321024;witness=ET,s=-,h=-,partial=-,quotient=-,src=legacy,dA=64,sec=Linf]/L3[chunks=1@0,eor=0,in=321024,out=259584;witness=ET,s=-,h=-,partial=-,quotient=-,src=legacy,dA=64,sec=Linf]/L4[chunks=1@0,eor=0,in=259584,out=128768;witness=ET,s=-,h=-,partial=-,quotient=-,src=legacy,dA=64,sec=L2]/T[method=ET,src=legacy,eor=0,input=128768,dA=64,sec=L2]	cutover=L3;L0[chunks=1@0,rel=quotient,qrm=0,cqrm=0,eor=0,in=65536,out=812480;witness=PACK,s=64,h=8,partial=64,quotient=64,src=canonical,dA=512,sec=Linf]/L1[chunks=1@0,rel=quotient,qrm=0,cqrm=0,eor=0,in=812480,out=488704;witness=PACK,s=128,h=2,partial=128,quotient=128,src=canonical,dA=256,sec=Linf]/L2[chunks=1@0,rel=quotient,qrm=0,cqrm=0,eor=0,in=488704,out=379328;witness=ET,s=-,h=-,partial=-,quotient=-,src=canonical,dA=64,sec=Linf]/L3[chunks=1@0,rel=reduced-evaluation,qrm=12288,cqrm=1536,eor=0,in=379328,out=217088;witness=ET,s=-,h=-,partial=-,quotient=-,src=canonical,dA=64,sec=L2]/L4[chunks=1@0,rel=reduced-evaluation,qrm=9984,cqrm=0,eor=0,in=217088,out=112128;witness=ET,s=-,h=-,partial=-,quotient=-,src=canonical,dA=64,sec=L2]/T[method=ET,src=canonical,eor=0,input=112128,dA=64,sec=L2]
fp128_dense	changed	final=16:1;precommitted=14:1	2df0145db1a4d7ddb63d649fa8acb964304020877844facf89d80eba533fb256	c865e2e5a6faa71afd305b170ba0a24792f8a903750158f8f5d84d475c91e248	196608	163840	262144	65536	80096	67692	6	6	87185d29bda5d0aacbe14d96cb07fd336ca230afb15f6d6bffa1f801b6a66131	dd6331a420c28fc5b5dbe4c4cc9db593136dd08a1ba5a28dd12282dfd64e0742	L0[chunks=1@0,eor=0,in=65536,out=1340416;witness=ET,s=-,h=-,partial=-,quotient=-,src=legacy,dA=256,sec=Linf]/L1[chunks=1@0,eor=0,in=1340416,out=385664;witness=ET,s=-,h=-,partial=-,quotient=-,src=legacy,dA=128,sec=Linf]/L2[chunks=1@0,eor=0,in=385664,out=253184;witness=ET,s=-,h=-,partial=-,quotient=-,src=legacy,dA=64,sec=Linf]/L3[chunks=1@0,eor=0,in=253184,out=198272;witness=ET,s=-,h=-,partial=-,quotient=-,src=legacy,dA=64,sec=L2]/L4[chunks=1@0,eor=0,in=198272,out=114432;witness=ET,s=-,h=-,partial=-,quotient=-,src=legacy,dA=64,sec=L2]/T[method=ET,src=legacy,eor=0,input=114432,dA=64,sec=Linf]	cutover=L2;L0[chunks=1@0,rel=quotient,qrm=0,cqrm=0,eor=0,in=65536,out=1507328;witness=PACK,s=64,h=16,partial=64,quotient=64,src=canonical,dA=1024,sec=Linf;pre0=PACK,s=64,h=8,partial=64,quotient=64,src=canonical,dA=512,sec=Linf]/L1[chunks=1@0,rel=quotient,qrm=0,cqrm=0,eor=0,in=1507328,out=646912;witness=PACK,s=128,h=2,partial=128,quotient=128,src=canonical,dA=256,sec=Linf]/L2[chunks=1@0,rel=reduced-evaluation,qrm=14336,cqrm=1536,eor=0,in=646912,out=323584;witness=ET,s=-,h=-,partial=-,quotient=-,src=canonical,dA=64,sec=Linf]/L3[chunks=1@0,rel=reduced-evaluation,qrm=14336,cqrm=1536,eor=0,in=323584,out=221184;witness=ET,s=-,h=-,partial=-,quotient=-,src=canonical,dA=64,sec=Linf]/L4[chunks=1@0,rel=reduced-evaluation,qrm=9984,cqrm=0,eor=0,in=221184,out=112128;witness=ET,s=-,h=-,partial=-,quotient=-,src=canonical,dA=64,sec=L2]/T[method=ET,src=canonical,eor=0,input=112128,dA=64,sec=L2]
fp128_dense	changed	final=16:2;precommitted=	1d3119b577401489425a46a52a8368829ffee0287db544156fcb790c4c1190e1	1d3119b577401489425a46a52a8368829ffee0287db544156fcb790c4c1190e1	196608	198144	262144	131072	79116	67351	5	6	c77670f9fbab6eb133325658d3333df9f4e8d9be0bc35aaf169ae1f5c1e81d87	689d466569c8671d686380185975bab1dbd5f9ad5cbdda45dae35519f4bfbf76	L0[chunks=1@0,eor=0,in=65536,out=1190272;witness=ET,s=-,h=-,partial=-,quotient=-,src=legacy,dA=256,sec=Linf]/L1[chunks=1@0,eor=0,in=1190272,out=324416;witness=ET,s=-,h=-,partial=-,quotient=-,src=legacy,dA=128,sec=Linf]/L2[chunks=1@0,eor=0,in=324416,out=161280;witness=ET,s=-,h=-,partial=-,quotient=-,src=legacy,dA=64,sec=Linf]/L3[chunks=1@0,eor=0,in=161280,out=113024;witness=ET,s=-,h=-,partial=-,quotient=-,src=legacy,dA=64,sec=Linf]/T[method=ET,src=legacy,eor=0,input=113024,dA=64,sec=Linf]	cutover=L3;L0[chunks=1@0,rel=quotient,qrm=0,cqrm=0,eor=0,in=65536,out=1055424;witness=PACK,s=64,h=8,partial=64,quotient=64,src=canonical,dA=512,sec=Linf]/L1[chunks=1@0,rel=quotient,qrm=0,cqrm=0,eor=0,in=1055424,out=586432;witness=PACK,s=128,h=2,partial=128,quotient=128,src=canonical,dA=256,sec=Linf]/L2[chunks=1@0,rel=quotient,qrm=0,cqrm=0,eor=0,in=586432,out=420608;witness=ET,s=-,h=-,partial=-,quotient=-,src=canonical,dA=64,sec=Linf]/L3[chunks=1@0,rel=reduced-evaluation,qrm=12288,cqrm=1536,eor=0,in=420608,out=225280;witness=ET,s=-,h=-,partial=-,quotient=-,src=canonical,dA=64,sec=L2]/L4[chunks=1@0,rel=reduced-evaluation,qrm=9984,cqrm=0,eor=0,in=225280,out=112128;witness=ET,s=-,h=-,partial=-,quotient=-,src=canonical,dA=64,sec=L2]/T[method=ET,src=canonical,eor=0,input=112128,dA=64,sec=L2]
fp128_dense	changed	final=17:4;precommitted=	b996d72cefb7a0a3262ac30ce0fd4e4200b27eff277fd1922a3c219011e6383f	b996d72cefb7a0a3262ac30ce0fd4e4200b27eff277fd1922a3c219011e6383f	425984	327680	524288	262144	72208	68126	6	6	4e60fbcee17dc3ef7c77816a2074c017de28460f9b1dcab38ca89c306a2c9ea2	882bac1da20142b4157d167e204df9705c56ca8d7f111973fcccd60e498829a1	L0[chunks=1@0,eor=0,in=131072,out=2406784;witness=ET,s=-,h=-,partial=-,quotient=-,src=legacy,dA=256,sec=Linf]/L1[chunks=1@0,eor=0,in=2406784,out=861632;witness=ET,s=-,h=-,partial=-,quotient=-,src=legacy,dA=256,sec=Linf]/L2[chunks=1@0,eor=0,in=861632,out=407040;witness=ET,s=-,h=-,partial=-,quotient=-,src=legacy,dA=64,sec=Linf]/L3[chunks=1@0,eor=0,in=407040,out=239104;witness=ET,s=-,h=-,partial=-,quotient=-,src=legacy,dA=64,sec=L2]/L4[chunks=1@0,eor=0,in=239104,out=128768;witness=ET,s=-,h=-,partial=-,quotient=-,src=legacy,dA=64,sec=L2]/T[method=ET,src=legacy,eor=0,input=128768,dA=64,sec=L2]	cutover=L2;L0[chunks=1@0,rel=quotient,qrm=0,cqrm=0,eor=0,in=131072,out=2115968;witness=PACK,s=128,h=4,partial=128,quotient=128,src=canonical,dA=512,sec=Linf]/L1[chunks=1@0,rel=quotient,qrm=0,cqrm=0,eor=0,in=2115968,out=1009152;witness=PACK,s=64,h=4,partial=64,quotient=64,src=canonical,dA=256,sec=Linf]/L2[chunks=1@0,rel=reduced-evaluation,qrm=16384,cqrm=1536,eor=0,in=1009152,out=413696;witness=ET,s=-,h=-,partial=-,quotient=-,src=canonical,dA=64,sec=Linf]/L3[chunks=1@0,rel=reduced-evaluation,qrm=12288,cqrm=1536,eor=0,in=413696,out=225280;witness=ET,s=-,h=-,partial=-,quotient=-,src=canonical,dA=64,sec=L2]/L4[chunks=1@0,rel=reduced-evaluation,qrm=9984,cqrm=0,eor=0,in=225280,out=112128;witness=ET,s=-,h=-,partial=-,quotient=-,src=canonical,dA=64,sec=L2]/T[method=ET,src=canonical,eor=0,input=112128,dA=64,sec=L2]
fp128_dense	changed	final=24:1;precommitted=	94e7a14c6d0dc602c7ebc7e2d1dd26de309a4ccf1ba006bd7c284ecae724ca0d	94e7a14c6d0dc602c7ebc7e2d1dd26de309a4ccf1ba006bd7c284ecae724ca0d	2818048	1048576	4194304	1048576	74772	70725	7	7	bcb2e827b34ee6aa9f1f6e341bf7d5a1005c787cb1d2b2325caf3880f2c651b0	790a747e3053e67e59f94689366f336ad061a9d08c96082c7067a7f2c79d0b90	L0[chunks=1@0,eor=0,in=16777216,out=15614976;witness=ET,s=-,h=-,partial=-,quotient=-,src=legacy,dA=128,sec=Linf]/L1[chunks=1@0,eor=0,in=15614976,out=2083904;witness=ET,s=-,h=-,partial=-,quotient=-,src=legacy,dA=64,sec=Linf]/L2[chunks=1@0,eor=0,in=2083904,out=833088;witness=ET,s=-,h=-,partial=-,quotient=-,src=legacy,dA=64,sec=Linf]/L3[chunks=1@0,eor=0,in=833088,out=444352;witness=ET,s=-,h=-,partial=-,quotient=-,src=legacy,dA=64,sec=L2]/L4[chunks=1@0,eor=0,in=444352,out=247296;witness=ET,s=-,h=-,partial=-,quotient=-,src=legacy,dA=64,sec=L2]/L5[chunks=1@0,eor=0,in=247296,out=128768;witness=ET,s=-,h=-,partial=-,quotient=-,src=legacy,dA=64,sec=L2]/T[method=ET,src=legacy,eor=0,input=128768,dA=64,sec=L2]	cutover=L3;L0[chunks=1@0,rel=quotient,qrm=0,cqrm=0,eor=0,in=16777216,out=12761536;witness=PACK,s=64,h=8,partial=64,quotient=64,src=canonical,dA=512,sec=Linf]/L1[chunks=1@0,rel=quotient,qrm=0,cqrm=0,eor=0,in=12761536,out=2072704;witness=PACK,s=64,h=2,partial=64,quotient=64,src=canonical,dA=128,sec=Linf]/L2[chunks=1@0,rel=quotient,qrm=0,cqrm=0,eor=0,in=2072704,out=833088;witness=ET,s=-,h=-,partial=-,quotient=-,src=canonical,dA=64,sec=Linf]/L3[chunks=1@0,rel=reduced-evaluation,qrm=16512,cqrm=2064,eor=0,in=833088,out=425728;witness=ET,s=-,h=-,partial=-,quotient=-,src=canonical,dA=64,sec=L2]/L4[chunks=1@0,rel=reduced-evaluation,qrm=12288,cqrm=1536,eor=0,in=425728,out=225280;witness=ET,s=-,h=-,partial=-,quotient=-,src=canonical,dA=64,sec=L2]/L5[chunks=1@0,rel=reduced-evaluation,qrm=9984,cqrm=0,eor=0,in=225280,out=112128;witness=ET,s=-,h=-,partial=-,quotient=-,src=canonical,dA=64,sec=L2]/T[method=ET,src=canonical,eor=0,input=112128,dA=64,sec=L2]
fp128_dense	changed	final=26:1;precommitted=	c93e949f727a2db762f7dbfe2fcdcdc29cf0a3b5fd10f76b3019de436810bc9b	c93e949f727a2db762f7dbfe2fcdcdc29cf0a3b5fd10f76b3019de436810bc9b	5636096	2097152	8388608	2097152	74996	71280	7	7	0f19eebc9da4d546298f4ccf5b7b6486ad6686847f10f94765cea63efb22c99c	60575c62db8852b58d643037f602f6e1f512aca3f8956e219cc370c34db83b21	L0[chunks=1@0,eor=0,in=67108864,out=31922560;witness=ET,s=-,h=-,partial=-,quotient=-,src=legacy,dA=256,sec=Linf]/L1[chunks=1@0,eor=0,in=31922560,out=3118592;witness=ET,s=-,h=-,partial=-,quotient=-,src=legacy,dA=64,sec=Linf]/L2[chunks=1@0,eor=0,in=3118592,out=965184;witness=ET,s=-,h=-,partial=-,quotient=-,src=legacy,dA=64,sec=Linf]/L3[chunks=1@0,eor=0,in=965184,out=466368;witness=ET,s=-,h=-,partial=-,quotient=-,src=legacy,dA=64,sec=L2]/L4[chunks=1@0,eor=0,in=466368,out=255488;witness=ET,s=-,h=-,partial=-,quotient=-,src=legacy,dA=64,sec=L2]/L5[chunks=1@0,eor=0,in=255488,out=128768;witness=ET,s=-,h=-,partial=-,quotient=-,src=legacy,dA=64,sec=L2]/T[method=ET,src=legacy,eor=0,input=128768,dA=64,sec=L2]	cutover=L3;L0[chunks=1@0,rel=quotient,qrm=0,cqrm=0,eor=0,in=67108864,out=31002560;witness=PACK,s=64,h=16,partial=64,quotient=64,src=canonical,dA=1024,sec=Linf]/L1[chunks=1@0,rel=quotient,qrm=0,cqrm=0,eor=0,in=31002560,out=3795200;witness=PACK,s=256,h=1,partial=256,quotient=256,src=canonical,dA=256,sec=Linf]/L2[chunks=1@0,rel=quotient,qrm=0,cqrm=0,eor=0,in=3795200,out=1047744;witness=ET,s=-,h=-,partial=-,quotient=-,src=canonical,dA=64,sec=Linf]/L3[chunks=1@0,rel=reduced-evaluation,qrm=16384,cqrm=1536,eor=0,in=1047744,out=413696;witness=ET,s=-,h=-,partial=-,quotient=-,src=canonical,dA=64,sec=Linf]/L4[chunks=1@0,rel=reduced-evaluation,qrm=12288,cqrm=1536,eor=0,in=413696,out=225280;witness=ET,s=-,h=-,partial=-,quotient=-,src=canonical,dA=64,sec=L2]/L5[chunks=1@0,rel=reduced-evaluation,qrm=9984,cqrm=0,eor=0,in=225280,out=112128;witness=ET,s=-,h=-,partial=-,quotient=-,src=canonical,dA=64,sec=L2]/T[method=ET,src=canonical,eor=0,input=112128,dA=64,sec=L2]
fp128_dense	changed	final=28:1;precommitted=	a46de3bb37f42fa48a71b95f2322aad4c4e9c8626b40c631cd6537cb251072a1	a46de3bb37f42fa48a71b95f2322aad4c4e9c8626b40c631cd6537cb251072a1	11272192	4194304	16777216	4194304	75220	71508	7	7	da25e5f87d68b213f3910d877bbcfe9f38db9c7e74f7af73716380cd8e449c07	aaba9e7cf113946aaa80f415a930a8e8043d5e909bc20bc9485c9bb0239a7b70	L0[chunks=1@0,eor=0,in=268435456,out=63773056;witness=ET,s=-,h=-,partial=-,quotient=-,src=legacy,dA=256,sec=Linf]/L1[chunks=1@0,eor=0,in=63773056,out=4156224;witness=ET,s=-,h=-,partial=-,quotient=-,src=legacy,dA=64,sec=Linf]/L2[chunks=1@0,eor=0,in=4156224,out=1097280;witness=ET,s=-,h=-,partial=-,quotient=-,src=legacy,dA=64,sec=Linf]/L3[chunks=1@0,eor=0,in=1097280,out=488384;witness=ET,s=-,h=-,partial=-,quotient=-,src=legacy,dA=64,sec=L2]/L4[chunks=1@0,eor=0,in=488384,out=255488;witness=ET,s=-,h=-,partial=-,quotient=-,src=legacy,dA=64,sec=L2]/L5[chunks=1@0,eor=0,in=255488,out=128768;witness=ET,s=-,h=-,partial=-,quotient=-,src=legacy,dA=64,sec=L2]/T[method=ET,src=legacy,eor=0,input=128768,dA=64,sec=L2]	cutover=L3;L0[chunks=1@0,rel=quotient,qrm=0,cqrm=0,eor=0,in=268435456,out=61853632;witness=PACK,s=64,h=16,partial=64,quotient=64,src=canonical,dA=1024,sec=Linf]/L1[chunks=1@0,rel=quotient,qrm=0,cqrm=0,eor=0,in=61853632,out=4090176;witness=PACK,s=64,h=1,partial=64,quotient=64,src=canonical,dA=64,sec=Linf]/L2[chunks=1@0,rel=quotient,qrm=0,cqrm=0,eor=0,in=4090176,out=1097280;witness=ET,s=-,h=-,partial=-,quotient=-,src=canonical,dA=64,sec=Linf]/L3[chunks=1@0,rel=reduced-evaluation,qrm=16384,cqrm=1536,eor=0,in=1097280,out=425984;witness=ET,s=-,h=-,partial=-,quotient=-,src=canonical,dA=64,sec=Linf]/L4[chunks=1@0,rel=reduced-evaluation,qrm=12288,cqrm=1536,eor=0,in=425984,out=225280;witness=ET,s=-,h=-,partial=-,quotient=-,src=canonical,dA=64,sec=L2]/L5[chunks=1@0,rel=reduced-evaluation,qrm=9984,cqrm=0,eor=0,in=225280,out=112128;witness=ET,s=-,h=-,partial=-,quotient=-,src=canonical,dA=64,sec=L2]/T[method=ET,src=canonical,eor=0,input=112128,dA=64,sec=L2]
fp128_dense	changed	final=30:1;precommitted=	0661c6ea7796b195873f4f0afc34e1f8ab8b773648907a24b0f5110247bb10d2	0661c6ea7796b195873f4f0afc34e1f8ab8b773648907a24b0f5110247bb10d2	22544384	8388608	33554432	8388608	76084	72073	7	7	88fa8049ae78a2b8987b9df5b2e053b81f7292a030ee655c8739267b704b86f9	6e7032b3ad569cbcbe8f073d8711e1dcf277f392c8d0548a68d7ffc46e4e3b76	L0[chunks=1@0,eor=0,in=1073741824,out=127474048;witness=ET,s=-,h=-,partial=-,quotient=-,src=legacy,dA=256,sec=Linf]/L1[chunks=1@0,eor=0,in=127474048,out=8295296;witness=ET,s=-,h=-,partial=-,quotient=-,src=legacy,dA=256,sec=Linf]/L2[chunks=1@0,eor=0,in=8295296,out=1621568;witness=ET,s=-,h=-,partial=-,quotient=-,src=legacy,dA=64,sec=Linf]/L3[chunks=1@0,eor=0,in=1621568,out=435712;witness=ET,s=-,h=-,partial=-,quotient=-,src=legacy,dA=64,sec=L2]/L4[chunks=1@0,eor=0,in=435712,out=247296;witness=ET,s=-,h=-,partial=-,quotient=-,src=legacy,dA=64,sec=L2]/L5[chunks=1@0,eor=0,in=247296,out=128768;witness=ET,s=-,h=-,partial=-,quotient=-,src=legacy,dA=64,sec=L2]/T[method=ET,src=legacy,eor=0,input=128768,dA=64,sec=L2]	cutover=L3;L0[chunks=1@0,rel=quotient,qrm=0,cqrm=0,eor=0,in=1073741824,out=123555776;witness=PACK,s=64,h=16,partial=64,quotient=64,src=canonical,dA=1024,sec=Linf]/L1[chunks=1@0,rel=quotient,qrm=0,cqrm=0,eor=0,in=123555776,out=8228864;witness=PACK,s=256,h=1,partial=256,quotient=256,src=canonical,dA=256,sec=Linf]/L2[chunks=1@0,rel=quotient,qrm=0,cqrm=0,eor=0,in=8228864,out=1609152;witness=ET,s=-,h=-,partial=-,quotient=-,src=canonical,dA=64,sec=Linf]/L3[chunks=1@0,rel=reduced-evaluation,qrm=12288,cqrm=1536,eor=0,in=1609152,out=421888;witness=ET,s=-,h=-,partial=-,quotient=-,src=canonical,dA=64,sec=L2]/L4[chunks=1@0,rel=reduced-evaluation,qrm=12288,cqrm=1536,eor=0,in=421888,out=225280;witness=ET,s=-,h=-,partial=-,quotient=-,src=canonical,dA=64,sec=L2]/L5[chunks=1@0,rel=reduced-evaluation,qrm=9984,cqrm=0,eor=0,in=225280,out=112128;witness=ET,s=-,h=-,partial=-,quotient=-,src=canonical,dA=64,sec=L2]/T[method=ET,src=canonical,eor=0,input=112128,dA=64,sec=L2]
fp128_dense	changed	final=32:1;precommitted=	47272635f2438376271d1b13f43ae0fbb70effc54ee431f53fae213a90ff22bc	47272635f2438376271d1b13f43ae0fbb70effc54ee431f53fae213a90ff22bc	46137344	16777216	67108864	16777216	76420	72188	7	7	a476d09d477dff4c547da60b7e966e370ffac6573315fbfc63dc4c72bddcd504	3576dc20293a45c9fac21ca65975b8311394b2f0903b73230e22f03c07b38c01	L0[chunks=1@0,eor=0,in=4294967296,out=273783232;witness=ET,s=-,h=-,partial=-,quotient=-,src=legacy,dA=256,sec=Linf]/L1[chunks=1@0,eor=0,in=273783232,out=12918656;witness=ET,s=-,h=-,partial=-,quotient=-,src=legacy,dA=256,sec=Linf]/L2[chunks=1@0,eor=0,in=12918656,out=1918784;witness=ET,s=-,h=-,partial=-,quotient=-,src=legacy,dA=64,sec=Linf]/L3[chunks=1@0,eor=0,in=1918784,out=476672;witness=ET,s=-,h=-,partial=-,quotient=-,src=legacy,dA=64,sec=L2]/L4[chunks=1@0,eor=0,in=476672,out=255488;witness=ET,s=-,h=-,partial=-,quotient=-,src=legacy,dA=64,sec=L2]/L5[chunks=1@0,eor=0,in=255488,out=128768;witness=ET,s=-,h=-,partial=-,quotient=-,src=legacy,dA=64,sec=L2]/T[method=ET,src=legacy,eor=0,input=128768,dA=64,sec=L2]	cutover=L3;L0[chunks=1@0,rel=quotient,qrm=0,cqrm=0,eor=0,in=4294967296,out=252598912;witness=PACK,s=128,h=8,partial=128,quotient=128,src=canonical,dA=1024,sec=Linf]/L1[chunks=1@0,rel=quotient,qrm=0,cqrm=0,eor=0,in=252598912,out=8294912;witness=PACK,s=64,h=1,partial=64,quotient=64,src=canonical,dA=64,sec=Linf]/L2[chunks=1@0,rel=quotient,qrm=0,cqrm=0,eor=0,in=8294912,out=1621568;witness=ET,s=-,h=-,partial=-,quotient=-,src=canonical,dA=64,sec=Linf]/L3[chunks=1@0,rel=reduced-evaluation,qrm=12288,cqrm=1536,eor=0,in=1621568,out=421888;witness=ET,s=-,h=-,partial=-,quotient=-,src=canonical,dA=64,sec=L2]/L4[chunks=1@0,rel=reduced-evaluation,qrm=12288,cqrm=1536,eor=0,in=421888,out=225280;witness=ET,s=-,h=-,partial=-,quotient=-,src=canonical,dA=64,sec=L2]/L5[chunks=1@0,rel=reduced-evaluation,qrm=9984,cqrm=0,eor=0,in=225280,out=112128;witness=ET,s=-,h=-,partial=-,quotient=-,src=canonical,dA=64,sec=L2]/T[method=ET,src=canonical,eor=0,input=112128,dA=64,sec=L2]
fp128_dense	removed	final=44:1;precommitted=	59108197889e16b1363957b8a7c59570842f3b60502857dee9a4456586d7081e	-	5771362304	-	8589934592	-	80296	-	8	-	4d1a7a452a6447052310bd0f14974253ab51b110bc8783b5c7c84d6510bbd862	-	L0[chunks=1@0,eor=0,in=17592186044416,out=31742652416;witness=ET,s=-,h=-,partial=-,quotient=-,src=legacy,dA=256,sec=Linf]/L1[chunks=1@0,eor=0,in=31742652416,out=125356544;witness=ET,s=-,h=-,partial=-,quotient=-,src=legacy,dA=64,sec=Linf]/L2[chunks=1@0,eor=0,in=125356544,out=6104640;witness=ET,s=-,h=-,partial=-,quotient=-,src=legacy,dA=64,sec=Linf]/L3[chunks=1@0,eor=0,in=6104640,out=1344960;witness=ET,s=-,h=-,partial=-,quotient=-,src=legacy,dA=64,sec=Linf]/L4[chunks=1@0,eor=0,in=1344960,out=402944;witness=ET,s=-,h=-,partial=-,quotient=-,src=legacy,dA=64,sec=L2]/L5[chunks=1@0,eor=0,in=402944,out=239104;witness=ET,s=-,h=-,partial=-,quotient=-,src=legacy,dA=64,sec=L2]/L6[chunks=1@0,eor=0,in=239104,out=128768;witness=ET,s=-,h=-,partial=-,quotient=-,src=legacy,dA=64,sec=L2]/T[method=ET,src=legacy,eor=0,input=128768,dA=64,sec=L2]	-
fp128_dense_bounded	added	final=14:1;precommitted=	-	235fdc37cb4e83e243a17cafde8597967ef2316443a2656dee73a57dc55cac8e	-	131072	-	32768	-	64206	-	5	-	9bf4dd1cd749326693f72a80008c39b3f80300037898351b53cd6bb61943b480	-	cutover=L2;L0[chunks=1@0,rel=quotient,qrm=0,cqrm=0,eor=0,in=16384,out=328128;witness=PACK,s=64,h=8,partial=64,quotient=64,src=canonical,dA=512,sec=Linf]/L1[chunks=1@0,rel=quotient,qrm=0,cqrm=0,eor=0,in=328128,out=324288;witness=PACK,s=64,h=1,partial=64,quotient=64,src=canonical,dA=64,sec=Linf]/L2[chunks=1@0,rel=reduced-evaluation,qrm=14336,cqrm=1536,eor=0,in=324288,out=221184;witness=ET,s=-,h=-,partial=-,quotient=-,src=canonical,dA=64,sec=Linf]/L3[chunks=1@0,rel=reduced-evaluation,qrm=9984,cqrm=0,eor=0,in=221184,out=112128;witness=ET,s=-,h=-,partial=-,quotient=-,src=canonical,dA=64,sec=L2]/T[method=ET,src=canonical,eor=0,input=112128,dA=64,sec=L2]
fp128_dense_bounded	added	final=24:1;precommitted=	-	94e7a14c6d0dc602c7ebc7e2d1dd26de309a4ccf1ba006bd7c284ecae724ca0d	-	704512	-	1048576	-	70725	-	7	-	aa41e554b2f2d41fe503a333847f181dc3cac49c43c24e46abc91fa179b3ed89	-	cutover=L3;L0[chunks=1@0,rel=quotient,qrm=0,cqrm=0,eor=0,in=16777216,out=9222592;witness=PACK,s=64,h=8,partial=64,quotient=64,src=canonical,dA=512,sec=Linf]/L1[chunks=1@0,rel=quotient,qrm=0,cqrm=0,eor=0,in=9222592,out=2069696;witness=PACK,s=64,h=8,partial=64,quotient=64,src=canonical,dA=512,sec=Linf]/L2[chunks=1@0,rel=quotient,qrm=0,cqrm=0,eor=0,in=2069696,out=833088;witness=ET,s=-,h=-,partial=-,quotient=-,src=canonical,dA=64,sec=Linf]/L3[chunks=1@0,rel=reduced-evaluation,qrm=16512,cqrm=2064,eor=0,in=833088,out=425728;witness=ET,s=-,h=-,partial=-,quotient=-,src=canonical,dA=64,sec=L2]/L4[chunks=1@0,rel=reduced-evaluation,qrm=12288,cqrm=1536,eor=0,in=425728,out=225280;witness=ET,s=-,h=-,partial=-,quotient=-,src=canonical,dA=64,sec=L2]/L5[chunks=1@0,rel=reduced-evaluation,qrm=9984,cqrm=0,eor=0,in=225280,out=112128;witness=ET,s=-,h=-,partial=-,quotient=-,src=canonical,dA=64,sec=L2]/T[method=ET,src=canonical,eor=0,input=112128,dA=64,sec=L2]
fp128_dense_bounded	added	final=26:1;precommitted=	-	c93e949f727a2db762f7dbfe2fcdcdc29cf0a3b5fd10f76b3019de436810bc9b	-	1572864	-	2097152	-	70954	-	7	-	6fe9458c162936354d82d897a4f157b8d146af334838b24790b8078dc781f27b	-	cutover=L2;L0[chunks=1@0,rel=quotient,qrm=0,cqrm=0,eor=0,in=67108864,out=18143616;witness=PACK,s=128,h=4,partial=128,quotient=128,src=canonical,dA=512,sec=Linf]/L1[chunks=1@0,rel=quotient,qrm=0,cqrm=0,eor=0,in=18143616,out=2281856;witness=PACK,s=64,h=1,partial=64,quotient=64,src=canonical,dA=64,sec=Linf]/L2[chunks=1@0,rel=reduced-evaluation,qrm=22016,cqrm=2064,eor=0,in=2281856,out=841984;witness=ET,s=-,h=-,partial=-,quotient=-,src=canonical,dA=64,sec=Linf]/L3[chunks=1@0,rel=reduced-evaluation,qrm=16512,cqrm=2064,eor=0,in=841984,out=425728;witness=ET,s=-,h=-,partial=-,quotient=-,src=canonical,dA=64,sec=L2]/L4[chunks=1@0,rel=reduced-evaluation,qrm=12288,cqrm=1536,eor=0,in=425728,out=225280;witness=ET,s=-,h=-,partial=-,quotient=-,src=canonical,dA=64,sec=L2]/L5[chunks=1@0,rel=reduced-evaluation,qrm=9984,cqrm=0,eor=0,in=225280,out=112128;witness=ET,s=-,h=-,partial=-,quotient=-,src=canonical,dA=64,sec=L2]/T[method=ET,src=canonical,eor=0,input=112128,dA=64,sec=L2]
fp128_dense_multi_chunk	changed	final=16:1;precommitted=	619d5acd56307a5aff5911635e36969a167028482b33cc55f9f90598a55554be	619d5acd56307a5aff5911635e36969a167028482b33cc55f9f90598a55554be	327680	655360	262144	65536	76116	70936	7	7	fc449546cb1e45cec482fb145129d9214385288ad70aaf002c19b4df6efcae74	d7ed3765828b28f51acc9e3c5b06f77d9e657335da1e09b756a80798c3e75ae0	L0[chunks=8@2,eor=0,in=65536,out=2079104;witness=ET,s=-,h=-,partial=-,quotient=-,src=legacy,dA=64,sec=Linf]/L1[chunks=8@2,eor=0,in=2079104,out=1801728;witness=ET,s=-,h=-,partial=-,quotient=-,src=legacy,dA=64,sec=Linf]/L2[chunks=1@0,eor=0,in=1801728,out=579072;witness=ET,s=-,h=-,partial=-,quotient=-,src=legacy,dA=64,sec=Linf]/L3[chunks=1@0,eor=0,in=579072,out=345600;witness=ET,s=-,h=-,partial=-,quotient=-,src=legacy,dA=64,sec=Linf]/L4[chunks=1@0,eor=0,in=345600,out=222720;witness=ET,s=-,h=-,partial=-,quotient=-,src=legacy,dA=64,sec=L2]/L5[chunks=1@0,eor=0,in=222720,out=122112;witness=ET,s=-,h=-,partial=-,quotient=-,src=legacy,dA=64,sec=L2]/T[method=ET,src=legacy,eor=0,input=122112,dA=64,sec=L2]	cutover=L4;L0[chunks=8@2,rel=quotient,qrm=0,cqrm=0,eor=0,in=65536,out=3081664;witness=PACK,s=64,h=8,partial=64,quotient=64,src=canonical,dA=512,sec=Linf]/L1[chunks=8@2,rel=quotient,qrm=0,cqrm=0,eor=0,in=3081664,out=3080128;witness=PACK,s=64,h=1,partial=64,quotient=64,src=canonical,dA=64,sec=Linf]/L2[chunks=1@0,rel=quotient,qrm=0,cqrm=0,eor=0,in=3080128,out=965184;witness=ET,s=-,h=-,partial=-,quotient=-,src=canonical,dA=64,sec=Linf]/L3[chunks=1@0,rel=quotient,qrm=0,cqrm=0,eor=0,in=965184,out=419328;witness=ET,s=-,h=-,partial=-,quotient=-,src=canonical,dA=64,sec=Linf]/L4[chunks=1@0,rel=reduced-evaluation,qrm=12288,cqrm=1536,eor=0,in=419328,out=225280;witness=ET,s=-,h=-,partial=-,quotient=-,src=canonical,dA=64,sec=L2]/L5[chunks=1@0,rel=reduced-evaluation,qrm=9984,cqrm=0,eor=0,in=225280,out=112128;witness=ET,s=-,h=-,partial=-,quotient=-,src=canonical,dA=64,sec=L2]/T[method=ET,src=canonical,eor=0,input=112128,dA=64,sec=L2]
fp128_onehot	changed	final=12:1;precommitted=	7cea46be72a904b2bacfbccb7a070499ba20889044145649c3db3f45a73dc084	7cea46be72a904b2bacfbccb7a070499ba20889044145649c3db3f45a73dc084	65536	49152	65536	8192	71604	41032	3	2	c0b7844fa6760bfe2bf27cbf0a6aba6df248df0a7c8493e229bfd35c88d82cbf	ca43e3f8294e3b25d338f8edb8e603284744608b6d95ecd8500dd547bdc8704b	L0[chunks=1@0,eor=0,in=4096,out=122176;witness=ET,s=-,h=-,partial=-,quotient=-,src=legacy,dA=64,sec=Linf]/L1[chunks=1@0,eor=0,in=122176,out=120512;witness=ET,s=-,h=-,partial=-,quotient=-,src=legacy,dA=64,sec=Linf]/T[method=ET,src=legacy,eor=0,input=120512,dA=64,sec=Linf]	cutover=none;L0[chunks=1@0,rel=quotient,qrm=0,cqrm=0,eor=0,in=4096,out=67904;witness=PACK,s=64,h=1,partial=64,quotient=64,src=canonical,dA=64,sec=Linf]/T[method=ET,src=canonical,eor=0,input=67904,dA=64,sec=Linf]
fp128_onehot	changed	final=14:1;precommitted=	235fdc37cb4e83e243a17cafde8597967ef2316443a2656dee73a57dc55cac8e	235fdc37cb4e83e243a17cafde8597967ef2316443a2656dee73a57dc55cac8e	65536	49152	32768	16384	71604	41032	3	2	2d0dae31333a08ad29310ae156015ba92a9e62c3ecec85c77691e759078df4b1	3ab584a6390664ae04536506198c6ca7ab582d013a66d93888fc1d00d5f98d37	L0[chunks=1@0,eor=0,in=16384,out=124288;witness=ET,s=-,h=-,partial=-,quotient=-,src=legacy,dA=256,sec=Linf]/L1[chunks=1@0,eor=0,in=124288,out=120512;witness=ET,s=-,h=-,partial=-,quotient=-,src=legacy,dA=64,sec=Linf]/T[method=ET,src=legacy,eor=0,input=120512,dA=64,sec=Linf]	cutover=none;L0[chunks=1@0,rel=quotient,qrm=0,cqrm=0,eor=0,in=16384,out=69312;witness=PACK,s=128,h=1,partial=128,quotient=128,src=canonical,dA=128,sec=Linf]/T[method=ET,src=canonical,eor=0,input=69312,dA=64,sec=Linf]
fp128_onehot	changed	final=14:2;precommitted=	8a40a8595c14901ece876c6c020dbcdba59bed81270cf9431da74003d3a138aa	8a40a8595c14901ece876c6c020dbcdba59bed81270cf9431da74003d3a138aa	65536	49152	32768	32768	71716	49224	3	2	82ccf1b8ed84a217d92143887c209acbdc192bd5d0ed9d58355bcacb976d552c	e31c29e9006b4d15fe11ab2293bfc6378d39816960b25302083709cdbf65f0d8	L0[chunks=1@0,eor=0,in=16384,out=137984;witness=ET,s=-,h=-,partial=-,quotient=-,src=legacy,dA=128,sec=Linf]/L1[chunks=1@0,eor=0,in=137984,out=127552;witness=ET,s=-,h=-,partial=-,quotient=-,src=legacy,dA=64,sec=Linf]/T[method=ET,src=legacy,eor=0,input=127552,dA=64,sec=Linf]	cutover=none;L0[chunks=1@0,rel=quotient,qrm=0,cqrm=0,eor=0,in=16384,out=99520;witness=PACK,s=128,h=1,partial=128,quotient=128,src=canonical,dA=128,sec=Linf]/T[method=ET,src=canonical,eor=0,input=99520,dA=64,sec=Linf]
fp128_onehot	changed	final=15:1;precommitted=	fe784ff5321ce50dc781655bbe7fc9a71f08d9527d5445702d0e8e2a2d41fc87	fe784ff5321ce50dc781655bbe7fc9a71f08d9527d5445702d0e8e2a2d41fc87	65536	49152	32768	16384	71604	41032	3	2	3434da56a95a9fccb296c0be40e3e8453e9984d8811165bf34a3271bc2cd1072	7941dfa66004a1f33e4087e67b69f7b2b54674a9f3a2efe3ed83e0ac2619acad	L0[chunks=1@0,eor=0,in=32768,out=121472;witness=ET,s=-,h=-,partial=-,quotient=-,src=legacy,dA=256,sec=Linf]/L1[chunks=1@0,eor=0,in=121472,out=120512;witness=ET,s=-,h=-,partial=-,quotient=-,src=legacy,dA=64,sec=Linf]/T[method=ET,src=legacy,eor=0,input=120512,dA=64,sec=Linf]	cutover=none;L0[chunks=1@0,rel=quotient,qrm=0,cqrm=0,eor=0,in=32768,out=77504;witness=PACK,s=128,h=1,partial=128,quotient=128,src=canonical,dA=128,sec=Linf]/T[method=ET,src=canonical,eor=0,input=77504,dA=64,sec=Linf]
fp128_onehot	changed	final=15:4;precommitted=	68fb5e2e5571f333ccc18953a6f62b93350179816ef43b814506341ba44a8ef1	68fb5e2e5571f333ccc18953a6f62b93350179816ef43b814506341ba44a8ef1	65536	131072	65536	65536	72584	64206	4	5	5768593f08ff7fb818eb64a8567ec84b5d8b67327b518d879400e84a0cbb2103	053a74a747e6b95bc769259a48c6013994f977f23fbb0a596a7f9a2c6fddd809	L0[chunks=1@0,eor=0,in=32768,out=170880;witness=ET,s=-,h=-,partial=-,quotient=-,src=legacy,dA=64,sec=Linf]/L1[chunks=1@0,eor=0,in=170880,out=141632;witness=ET,s=-,h=-,partial=-,quotient=-,src=legacy,dA=64,sec=Linf]/L2[chunks=1@0,eor=0,in=141632,out=105984;witness=ET,s=-,h=-,partial=-,quotient=-,src=legacy,dA=64,sec=Linf]/T[method=ET,src=legacy,eor=0,input=105984,dA=64,sec=Linf]	cutover=L2;L0[chunks=1@0,rel=quotient,qrm=0,cqrm=0,eor=0,in=32768,out=311232;witness=PACK,s=64,h=4,partial=64,quotient=64,src=canonical,dA=256,sec=Linf]/L1[chunks=1@0,rel=quotient,qrm=0,cqrm=0,eor=0,in=311232,out=307264;witness=PACK,s=64,h=4,partial=64,quotient=64,src=canonical,dA=256,sec=Linf]/L2[chunks=1@0,rel=reduced-evaluation,qrm=14336,cqrm=1536,eor=0,in=307264,out=221184;witness=ET,s=-,h=-,partial=-,quotient=-,src=canonical,dA=64,sec=Linf]/L3[chunks=1@0,rel=reduced-evaluation,qrm=9984,cqrm=0,eor=0,in=221184,out=112128;witness=ET,s=-,h=-,partial=-,quotient=-,src=canonical,dA=64,sec=L2]/T[method=ET,src=canonical,eor=0,input=112128,dA=64,sec=L2]
fp128_onehot	changed	final=16:1;precommitted=	619d5acd56307a5aff5911635e36969a167028482b33cc55f9f90598a55554be	619d5acd56307a5aff5911635e36969a167028482b33cc55f9f90598a55554be	65536	131072	32768	16384	71604	64699	3	2	3273a7dc1f50eb9ed1fff99b14ff607109be4be76cfbc0c8da71d9430c7aa3c3	5664a1a9864d8af67117967e89fe39498a307b401585b401df15883d9126eea9	L0[chunks=1@0,eor=0,in=65536,out=126912;witness=ET,s=-,h=-,partial=-,quotient=-,src=legacy,dA=256,sec=Linf]/L1[chunks=1@0,eor=0,in=126912,out=120512;witness=ET,s=-,h=-,partial=-,quotient=-,src=legacy,dA=64,sec=Linf]/T[method=ET,src=legacy,eor=0,input=120512,dA=64,sec=Linf]	cutover=none;L0[chunks=1@0,rel=quotient,qrm=0,cqrm=0,eor=0,in=65536,out=162496;witness=PACK,s=64,h=4,partial=64,quotient=64,src=canonical,dA=256,sec=Linf]/T[method=ET,src=canonical,eor=0,input=162496,dA=64,sec=Linf]
fp128_onehot	changed	final=16:1;precommitted=14:1	fd5b43a5a4fa07141c25e09fb0595b4813bf504f3666276b7fc4d711ce6a7cbe	9864c079144f7162c0dc9c54fcd8bd96bb2ccb410b69a8f5f3dff0818c8fc7e9	65536	131072	65536	32768	71912	64207	4	5	cb9ece0b0f1a82892123a8adf28ebfda41f96f3bf0a92db60a503241e7922bd0	2b7b943ac7979f46eeefac76cfb1f2aae74dae57d5843a82791d01191108d4fc	L0[chunks=1@0,eor=0,in=65536,out=193280;witness=ET,s=-,h=-,partial=-,quotient=-,src=legacy,dA=128,sec=Linf]/L1[chunks=1@0,eor=0,in=193280,out=160512;witness=ET,s=-,h=-,partial=-,quotient=-,src=legacy,dA=128,sec=Linf]/L2[chunks=1@0,eor=0,in=160512,out=113024;witness=ET,s=-,h=-,partial=-,quotient=-,src=legacy,dA=64,sec=Linf]/T[method=ET,src=legacy,eor=0,input=113024,dA=64,sec=Linf]	cutover=L2;L0[chunks=1@0,rel=quotient,qrm=0,cqrm=0,eor=0,in=65536,out=316928;witness=PACK,s=64,h=8,partial=64,quotient=64,src=canonical,dA=512,sec=Linf;pre0=PACK,s=128,h=1,partial=128,quotient=128,src=canonical,dA=128,sec=Linf]/L1[chunks=1@0,rel=quotient,qrm=0,cqrm=0,eor=0,in=316928,out=307264;witness=PACK,s=64,h=4,partial=64,quotient=64,src=canonical,dA=256,sec=Linf]/L2[chunks=1@0,rel=reduced-evaluation,qrm=14336,cqrm=1536,eor=0,in=307264,out=221184;witness=ET,s=-,h=-,partial=-,quotient=-,src=canonical,dA=64,sec=Linf]/L3[chunks=1@0,rel=reduced-evaluation,qrm=9984,cqrm=0,eor=0,in=221184,out=112128;witness=ET,s=-,h=-,partial=-,quotient=-,src=canonical,dA=64,sec=L2]/T[method=ET,src=canonical,eor=0,input=112128,dA=64,sec=L2]
fp128_onehot	changed	final=16:1;precommitted=14:1,15:2	df692d20a81ceabe0cdbfb009f1aa773d14277123c002374b74fe7251c32944a	a7aa224b10b2f8e3b0c2ebf6f2c66de08e4a9570e9451a960b03b2dcf9d641ff	203648	176128	262144	65536	79984	67108	6	6	b029a417a4ce9ab0c17d40072881b6ac2e014698713ef3f4d50b2973ba0255f0	fd55f00c35bf9a4dc40fc71c46558bcd359a6a2898f5088635765ac480d45466	L0[chunks=1@0,eor=0,in=65536,out=1040128;witness=ET,s=-,h=-,partial=-,quotient=-,src=legacy,dA=64,sec=Linf]/L1[chunks=1@0,eor=0,in=1040128,out=375040;witness=ET,s=-,h=-,partial=-,quotient=-,src=legacy,dA=64,sec=Linf]/L2[chunks=1@0,eor=0,in=375040,out=253184;witness=ET,s=-,h=-,partial=-,quotient=-,src=legacy,dA=64,sec=Linf]/L3[chunks=1@0,eor=0,in=253184,out=198272;witness=ET,s=-,h=-,partial=-,quotient=-,src=legacy,dA=64,sec=L2]/L4[chunks=1@0,eor=0,in=198272,out=114432;witness=ET,s=-,h=-,partial=-,quotient=-,src=legacy,dA=64,sec=L2]/T[method=ET,src=legacy,eor=0,input=114432,dA=64,sec=Linf]	cutover=L3;L0[chunks=1@0,rel=quotient,qrm=0,cqrm=0,eor=0,in=65536,out=988672;witness=PACK,s=64,h=4,partial=64,quotient=64,src=canonical,dA=256,sec=Linf;pre0=PACK,s=128,h=1,partial=128,quotient=128,src=canonical,dA=128,sec=Linf;pre1=PACK,s=64,h=8,partial=64,quotient=64,src=canonical,dA=512,sec=Linf]/L1[chunks=1@0,rel=quotient,qrm=0,cqrm=0,eor=0,in=988672,out=516352;witness=PACK,s=128,h=2,partial=128,quotient=128,src=canonical,dA=256,sec=Linf]/L2[chunks=1@0,rel=quotient,qrm=0,cqrm=0,eor=0,in=516352,out=393088;witness=ET,s=-,h=-,partial=-,quotient=-,src=canonical,dA=64,sec=Linf]/L3[chunks=1@0,rel=reduced-evaluation,qrm=12288,cqrm=1536,eor=0,in=393088,out=217088;witness=ET,s=-,h=-,partial=-,quotient=-,src=canonical,dA=64,sec=L2]/L4[chunks=1@0,rel=reduced-evaluation,qrm=9984,cqrm=0,eor=0,in=217088,out=112128;witness=ET,s=-,h=-,partial=-,quotient=-,src=canonical,dA=64,sec=L2]/T[method=ET,src=canonical,eor=0,input=112128,dA=64,sec=L2]
fp128_onehot	added	final=16:1;precommitted=14:1;producer_contracts=balanced(bound=65)	-	5f915eafce745fd245340cb68020ae13254d057814677f82c923e486ec0d7583	-	131072	-	32768	-	64882	-	5	-	57dec777f535599c69a0fb59f28a226d80fd63f0fe8f2777ab15dcc483105750	-	cutover=L2;L0[chunks=1@0,rel=quotient,qrm=0,cqrm=0,eor=0,in=65536,out=408064;witness=PACK,s=128,h=1,partial=128,quotient=128,src=canonical,dA=128,sec=Linf;pre0=PACK,s=64,h=8,partial=64,quotient=64,src=canonical,dA=512,sec=Linf]/L1[chunks=1@0,rel=quotient,qrm=0,cqrm=0,eor=0,in=408064,out=298496;witness=PACK,s=64,h=1,partial=64,quotient=64,src=canonical,dA=64,sec=Linf]/L2[chunks=1@0,rel=reduced-evaluation,qrm=14336,cqrm=1536,eor=0,in=298496,out=221184;witness=ET,s=-,h=-,partial=-,quotient=-,src=canonical,dA=64,sec=Linf]/L3[chunks=1@0,rel=reduced-evaluation,qrm=9984,cqrm=0,eor=0,in=221184,out=112128;witness=ET,s=-,h=-,partial=-,quotient=-,src=canonical,dA=64,sec=L2]/T[method=ET,src=canonical,eor=0,input=112128,dA=64,sec=L2]
fp128_onehot	changed	final=16:2;precommitted=	1d3119b577401489425a46a52a8368829ffee0287db544156fcb790c4c1190e1	1d3119b577401489425a46a52a8368829ffee0287db544156fcb790c4c1190e1	65536	131072	65536	32768	71912	64361	4	5	d882c57c3d58658a272717eca4d4a82cf42112e2a391c37551fc83f11330f3a0	ce92921bc4e940eca5f06efb5fc354608011268e225a5925ed77489bbdbcbcab	L0[chunks=1@0,eor=0,in=65536,out=176192;witness=ET,s=-,h=-,partial=-,quotient=-,src=legacy,dA=128,sec=Linf]/L1[chunks=1@0,eor=0,in=176192,out=160512;witness=ET,s=-,h=-,partial=-,quotient=-,src=legacy,dA=128,sec=Linf]/L2[chunks=1@0,eor=0,in=160512,out=113024;witness=ET,s=-,h=-,partial=-,quotient=-,src=legacy,dA=64,sec=Linf]/T[method=ET,src=legacy,eor=0,input=113024,dA=64,sec=Linf]	cutover=L2;L0[chunks=1@0,rel=quotient,qrm=0,cqrm=0,eor=0,in=65536,out=209024;witness=PACK,s=128,h=2,partial=128,quotient=128,src=canonical,dA=256,sec=Linf]/L1[chunks=1@0,rel=quotient,qrm=0,cqrm=0,eor=0,in=209024,out=206336;witness=PACK,s=64,h=1,partial=64,quotient=64,src=canonical,dA=64,sec=Linf]/L2[chunks=1@0,rel=reduced-evaluation,qrm=14336,cqrm=1536,eor=0,in=206336,out=190464;witness=ET,s=-,h=-,partial=-,quotient=-,src=canonical,dA=64,sec=Linf]/L3[chunks=1@0,rel=reduced-evaluation,qrm=9984,cqrm=0,eor=0,in=190464,out=105472;witness=ET,s=-,h=-,partial=-,quotient=-,src=canonical,dA=64,sec=L2]/T[method=ET,src=canonical,eor=0,input=105472,dA=64,sec=L2]
fp128_onehot	changed	final=18:1;precommitted=	0a64fd27f49046793d7d00ee8c2bda3757f24e60e86752300778d44cd119e709	0a64fd27f49046793d7d00ee8c2bda3757f24e60e86752300778d44cd119e709	65536	131072	65536	32768	76780	64206	5	5	bd135690387bbe315ea1e8169e59ccf5254f46190ca62ab48459cdb88de1bead	ba3123180ca18035f7f52a658f1ad86ec5200357729f7e770fed163eec6e76cb	L0[chunks=1@0,eor=0,in=262144,out=253184;witness=ET,s=-,h=-,partial=-,quotient=-,src=legacy,dA=128,sec=Linf]/L1[chunks=1@0,eor=0,in=253184,out=165952;witness=ET,s=-,h=-,partial=-,quotient=-,src=legacy,dA=128,sec=Linf]/L2[chunks=1@0,eor=0,in=165952,out=141632;witness=ET,s=-,h=-,partial=-,quotient=-,src=legacy,dA=64,sec=Linf]/L3[chunks=1@0,eor=0,in=141632,out=105984;witness=ET,s=-,h=-,partial=-,quotient=-,src=legacy,dA=64,sec=Linf]/T[method=ET,src=legacy,eor=0,input=105984,dA=64,sec=Linf]	cutover=L2;L0[chunks=1@0,rel=quotient,qrm=0,cqrm=0,eor=0,in=262144,out=393152;witness=PACK,s=64,h=8,partial=64,quotient=64,src=canonical,dA=512,sec=Linf]/L1[chunks=1@0,rel=quotient,qrm=0,cqrm=0,eor=0,in=393152,out=321024;witness=PACK,s=64,h=2,partial=64,quotient=64,src=canonical,dA=128,sec=Linf]/L2[chunks=1@0,rel=reduced-evaluation,qrm=14336,cqrm=1536,eor=0,in=321024,out=221184;witness=ET,s=-,h=-,partial=-,quotient=-,src=canonical,dA=64,sec=Linf]/L3[chunks=1@0,rel=reduced-evaluation,qrm=9984,cqrm=0,eor=0,in=221184,out=112128;witness=ET,s=-,h=-,partial=-,quotient=-,src=canonical,dA=64,sec=L2]/T[method=ET,src=canonical,eor=0,input=112128,dA=64,sec=L2]
fp128_onehot	changed	final=20:1;precommitted=	7e615f063166da9e18d6e9eacc305f7128e85099f64b8b48278e935e02e876fe	7e615f063166da9e18d6e9eacc305f7128e85099f64b8b48278e935e02e876fe	131072	131072	131072	65536	75264	64882	6	5	bf08100984a377276787864d54af0cc3fe4a90490e6f35c045a6125815a7a1ae	76968f0a4050c49435a994af964571e9039c8dd558fee316191b6e6436399375	L0[chunks=1@0,eor=0,in=1048576,out=450816;witness=ET,s=-,h=-,partial=-,quotient=-,src=legacy,dA=128,sec=Linf]/L1[chunks=1@0,eor=0,in=450816,out=356800;witness=ET,s=-,h=-,partial=-,quotient=-,src=legacy,dA=128,sec=Linf]/L2[chunks=1@0,eor=0,in=356800,out=190464;witness=ET,s=-,h=-,partial=-,quotient=-,src=legacy,dA=64,sec=Linf]/L3[chunks=1@0,eor=0,in=190464,out=159872;witness=ET,s=-,h=-,partial=-,quotient=-,src=legacy,dA=64,sec=L2]/L4[chunks=1@0,eor=0,in=159872,out=97536;witness=ET,s=-,h=-,partial=-,quotient=-,src=legacy,dA=64,sec=L2]/T[method=ET,src=legacy,eor=0,input=97536,dA=64,sec=Linf]	cutover=L2;L0[chunks=1@0,rel=quotient,qrm=0,cqrm=0,eor=0,in=1048576,out=425920;witness=PACK,s=64,h=4,partial=64,quotient=64,src=canonical,dA=256,sec=Linf]/L1[chunks=1@0,rel=quotient,qrm=0,cqrm=0,eor=0,in=425920,out=298496;witness=PACK,s=64,h=4,partial=64,quotient=64,src=canonical,dA=256,sec=Linf]/L2[chunks=1@0,rel=reduced-evaluation,qrm=14336,cqrm=1536,eor=0,in=298496,out=221184;witness=ET,s=-,h=-,partial=-,quotient=-,src=canonical,dA=64,sec=Linf]/L3[chunks=1@0,rel=reduced-evaluation,qrm=9984,cqrm=0,eor=0,in=221184,out=112128;witness=ET,s=-,h=-,partial=-,quotient=-,src=canonical,dA=64,sec=L2]/T[method=ET,src=canonical,eor=0,input=112128,dA=64,sec=L2]
fp128_onehot	changed	final=20:1;precommitted=14:1	5b7c8ea7c48cf867066408cd3514bf1be0969397a302d7e0e904a95642bcfcc0	c3b1fdefb9a68cf76df79ef5984c0d400e6c42b7fa79068b0321d456f571f642	131072	131072	131072	65536	77168	64882	6	5	47e2465f2de512854e34bc1e2c79309b8e5c60f403a570d0f4cd7e0fc3b33350	1982092f0b899867832fcf5010ecf2de7396c354ed5ea113d73fd3a7e4a9ddbc	L0[chunks=1@0,eor=0,in=1048576,out=587776;witness=ET,s=-,h=-,partial=-,quotient=-,src=legacy,dA=256,sec=Linf]/L1[chunks=1@0,eor=0,in=587776,out=444864;witness=ET,s=-,h=-,partial=-,quotient=-,src=legacy,dA=256,sec=Linf]/L2[chunks=1@0,eor=0,in=444864,out=193664;witness=ET,s=-,h=-,partial=-,quotient=-,src=legacy,dA=64,sec=Linf]/L3[chunks=1@0,eor=0,in=193664,out=159872;witness=ET,s=-,h=-,partial=-,quotient=-,src=legacy,dA=64,sec=L2]/L4[chunks=1@0,eor=0,in=159872,out=97536;witness=ET,s=-,h=-,partial=-,quotient=-,src=legacy,dA=64,sec=L2]/T[method=ET,src=legacy,eor=0,input=97536,dA=64,sec=Linf]	cutover=L2;L0[chunks=1@0,rel=quotient,qrm=0,cqrm=0,eor=0,in=1048576,out=481280;witness=PACK,s=64,h=4,partial=64,quotient=64,src=canonical,dA=256,sec=Linf;pre0=PACK,s=128,h=1,partial=128,quotient=128,src=canonical,dA=128,sec=Linf]/L1[chunks=1@0,rel=quotient,qrm=0,cqrm=0,eor=0,in=481280,out=318976;witness=PACK,s=64,h=4,partial=64,quotient=64,src=canonical,dA=256,sec=Linf]/L2[chunks=1@0,rel=reduced-evaluation,qrm=14336,cqrm=1536,eor=0,in=318976,out=221184;witness=ET,s=-,h=-,partial=-,quotient=-,src=canonical,dA=64,sec=Linf]/L3[chunks=1@0,rel=reduced-evaluation,qrm=9984,cqrm=0,eor=0,in=221184,out=112128;witness=ET,s=-,h=-,partial=-,quotient=-,src=canonical,dA=64,sec=L2]/T[method=ET,src=canonical,eor=0,input=112128,dA=64,sec=L2]
fp128_onehot	changed	final=20:1;precommitted=14:2	288137ab128e4e4c2d1347efe4c301fc0d3a190dbeda003cebcbaefaf807a4e5	4580d29b1b15eb943f636ed4ad99ae03c095cf28753ce209187c2788764795c5	131072	131072	131072	131072	77168	64882	6	5	383b3d4d4b9122d6d29bef76447d87555b730dd40d212f3ec77e44b14552828f	d571d3711aec70514b67b55901d7877aa34eb8d22a31b1bd2ef8f1c097ce5c67	L0[chunks=1@0,eor=0,in=1048576,out=612352;witness=ET,s=-,h=-,partial=-,quotient=-,src=legacy,dA=256,sec=Linf]/L1[chunks=1@0,eor=0,in=612352,out=406336;witness=ET,s=-,h=-,partial=-,quotient=-,src=legacy,dA=128,sec=Linf]/L2[chunks=1@0,eor=0,in=406336,out=185344;witness=ET,s=-,h=-,partial=-,quotient=-,src=legacy,dA=64,sec=Linf]/L3[chunks=1@0,eor=0,in=185344,out=159872;witness=ET,s=-,h=-,partial=-,quotient=-,src=legacy,dA=64,sec=L2]/L4[chunks=1@0,eor=0,in=159872,out=97536;witness=ET,s=-,h=-,partial=-,quotient=-,src=legacy,dA=64,sec=L2]/T[method=ET,src=legacy,eor=0,input=97536,dA=64,sec=Linf]	cutover=L2;L0[chunks=1@0,rel=quotient,qrm=0,cqrm=0,eor=0,in=1048576,out=489472;witness=PACK,s=64,h=4,partial=64,quotient=64,src=canonical,dA=256,sec=Linf;pre0=PACK,s=128,h=1,partial=128,quotient=128,src=canonical,dA=128,sec=Linf]/L1[chunks=1@0,rel=quotient,qrm=0,cqrm=0,eor=0,in=489472,out=318976;witness=PACK,s=64,h=4,partial=64,quotient=64,src=canonical,dA=256,sec=Linf]/L2[chunks=1@0,rel=reduced-evaluation,qrm=14336,cqrm=1536,eor=0,in=318976,out=221184;witness=ET,s=-,h=-,partial=-,quotient=-,src=canonical,dA=64,sec=Linf]/L3[chunks=1@0,rel=reduced-evaluation,qrm=9984,cqrm=0,eor=0,in=221184,out=112128;witness=ET,s=-,h=-,partial=-,quotient=-,src=canonical,dA=64,sec=L2]/T[method=ET,src=canonical,eor=0,input=112128,dA=64,sec=L2]
fp128_onehot	changed	final=20:2;precommitted=	024daea0560fa394f9aaded7cdd706e307cff8e2828bed1c0d981aefbbbf6ef4	024daea0560fa394f9aaded7cdd706e307cff8e2828bed1c0d981aefbbbf6ef4	176128	131072	262144	131072	71552	64996	6	5	9c79a04882d21006568c52e8e30726d08d2915ce4872b6dc980396aa1d558de4	7dd9fd87a27edee4e5729b9752a8eed3c84ae1b0ba278e6009a89cf8cffaa631	L0[chunks=1@0,eor=0,in=1048576,out=664512;witness=ET,s=-,h=-,partial=-,quotient=-,src=legacy,dA=256,sec=Linf]/L1[chunks=1@0,eor=0,in=664512,out=488896;witness=ET,s=-,h=-,partial=-,quotient=-,src=legacy,dA=256,sec=Linf]/L2[chunks=1@0,eor=0,in=488896,out=321024;witness=ET,s=-,h=-,partial=-,quotient=-,src=legacy,dA=64,sec=Linf]/L3[chunks=1@0,eor=0,in=321024,out=259584;witness=ET,s=-,h=-,partial=-,quotient=-,src=legacy,dA=64,sec=Linf]/L4[chunks=1@0,eor=0,in=259584,out=128768;witness=ET,s=-,h=-,partial=-,quotient=-,src=legacy,dA=64,sec=L2]/T[method=ET,src=legacy,eor=0,input=128768,dA=64,sec=L2]	cutover=L2;L0[chunks=1@0,rel=quotient,qrm=0,cqrm=0,eor=0,in=1048576,out=535104;witness=PACK,s=64,h=4,partial=64,quotient=64,src=canonical,dA=256,sec=Linf]/L1[chunks=1@0,rel=quotient,qrm=0,cqrm=0,eor=0,in=535104,out=318976;witness=PACK,s=64,h=1,partial=64,quotient=64,src=canonical,dA=64,sec=Linf]/L2[chunks=1@0,rel=reduced-evaluation,qrm=14336,cqrm=1536,eor=0,in=318976,out=221184;witness=ET,s=-,h=-,partial=-,quotient=-,src=canonical,dA=64,sec=Linf]/L3[chunks=1@0,rel=reduced-evaluation,qrm=9984,cqrm=0,eor=0,in=221184,out=112128;witness=ET,s=-,h=-,partial=-,quotient=-,src=canonical,dA=64,sec=L2]/T[method=ET,src=canonical,eor=0,input=112128,dA=64,sec=L2]
fp128_onehot	changed	final=20:2;precommitted=14:1	217123141afb924f9c36e224846d2ab7fb0d77793df978cde6f61db5ce129a2f	c1a0004684de8d673d79a2cb6f7594adf758e7428f67fe6714aff788939495b8	198144	262144	262144	131072	71232	66788	6	6	e5abfd3ffec615ceebe1470080714fb994238afddb0fe16304603cda2d4fddeb	9845a9ab20b57ec0a77e54030dbb649b47ffb7cd868767d3967656f007df9209	L0[chunks=1@0,eor=0,in=1048576,out=763904;witness=ET,s=-,h=-,partial=-,quotient=-,src=legacy,dA=256,sec=Linf]/L1[chunks=1@0,eor=0,in=763904,out=450304;witness=ET,s=-,h=-,partial=-,quotient=-,src=legacy,dA=128,sec=Linf]/L2[chunks=1@0,eor=0,in=450304,out=406848;witness=ET,s=-,h=-,partial=-,quotient=-,src=legacy,dA=64,sec=Linf]/L3[chunks=1@0,eor=0,in=406848,out=239104;witness=ET,s=-,h=-,partial=-,quotient=-,src=legacy,dA=64,sec=L2]/L4[chunks=1@0,eor=0,in=239104,out=128768;witness=ET,s=-,h=-,partial=-,quotient=-,src=legacy,dA=64,sec=L2]/T[method=ET,src=legacy,eor=0,input=128768,dA=64,sec=L2]	cutover=L2;L0[chunks=1@0,rel=quotient,qrm=0,cqrm=0,eor=0,in=1048576,out=590336;witness=PACK,s=64,h=4,partial=64,quotient=64,src=canonical,dA=256,sec=Linf;pre0=PACK,s=128,h=1,partial=128,quotient=128,src=canonical,dA=128,sec=Linf]/L1[chunks=1@0,rel=quotient,qrm=0,cqrm=0,eor=0,in=590336,out=445312;witness=PACK,s=64,h=1,partial=64,quotient=64,src=canonical,dA=64,sec=Linf]/L2[chunks=1@0,rel=reduced-evaluation,qrm=19264,cqrm=2064,eor=0,in=445312,out=313408;witness=ET,s=-,h=-,partial=-,quotient=-,src=canonical,dA=64,sec=Linf]/L3[chunks=1@0,rel=reduced-evaluation,qrm=14336,cqrm=1536,eor=0,in=313408,out=221184;witness=ET,s=-,h=-,partial=-,quotient=-,src=canonical,dA=64,sec=Linf]/L4[chunks=1@0,rel=reduced-evaluation,qrm=9984,cqrm=0,eor=0,in=221184,out=112128;witness=ET,s=-,h=-,partial=-,quotient=-,src=canonical,dA=64,sec=L2]/T[method=ET,src=canonical,eor=0,input=112128,dA=64,sec=L2]
fp128_onehot	changed	final=20:4;precommitted=	1af5783e63010bd55e2ba781c36f9bea6db9cbe9fa4389d166ef22c347deb309	1af5783e63010bd55e2ba781c36f9bea6db9cbe9fa4389d166ef22c347deb309	262144	165120	262144	131072	71232	67108	6	6	1d76439993b505f43dbcb6de0e001f05836323b5036b5bc9f74e49e6edccfc3d	ebf66a373f70b7383256da0ebeaf67d773b67a3d7266bd9cbd839b3dd70a6132	L0[chunks=1@0,eor=0,in=1048576,out=846080;witness=ET,s=-,h=-,partial=-,quotient=-,src=legacy,dA=128,sec=Linf]/L1[chunks=1@0,eor=0,in=846080,out=466816;witness=ET,s=-,h=-,partial=-,quotient=-,src=legacy,dA=128,sec=Linf]/L2[chunks=1@0,eor=0,in=466816,out=423360;witness=ET,s=-,h=-,partial=-,quotient=-,src=legacy,dA=64,sec=Linf]/L3[chunks=1@0,eor=0,in=423360,out=239104;witness=ET,s=-,h=-,partial=-,quotient=-,src=legacy,dA=64,sec=L2]/L4[chunks=1@0,eor=0,in=239104,out=128768;witness=ET,s=-,h=-,partial=-,quotient=-,src=legacy,dA=64,sec=L2]/T[method=ET,src=legacy,eor=0,input=128768,dA=64,sec=L2]	cutover=L3;L0[chunks=1@0,rel=quotient,qrm=0,cqrm=0,eor=0,in=1048576,out=908224;witness=PACK,s=64,h=4,partial=64,quotient=64,src=canonical,dA=256,sec=Linf]/L1[chunks=1@0,rel=quotient,qrm=0,cqrm=0,eor=0,in=908224,out=483328;witness=PACK,s=128,h=2,partial=128,quotient=128,src=canonical,dA=256,sec=Linf]/L2[chunks=1@0,rel=quotient,qrm=0,cqrm=0,eor=0,in=483328,out=379328;witness=ET,s=-,h=-,partial=-,quotient=-,src=canonical,dA=64,sec=Linf]/L3[chunks=1@0,rel=reduced-evaluation,qrm=12288,cqrm=1536,eor=0,in=379328,out=217088;witness=ET,s=-,h=-,partial=-,quotient=-,src=canonical,dA=64,sec=L2]/L4[chunks=1@0,rel=reduced-evaluation,qrm=9984,cqrm=0,eor=0,in=217088,out=112128;witness=ET,s=-,h=-,partial=-,quotient=-,src=canonical,dA=64,sec=L2]/T[method=ET,src=canonical,eor=0,input=112128,dA=64,sec=L2]
fp128_onehot	changed	final=20:4;precommitted=14:1,14:1	2c8883f39842c12abd8160a8e3777c5c0f40546e81ba190be268b64a412ab55c	3aeedde7307d014c30c8af119886c0ebd2881ed09e0e7a0ffc5d25770315db10	262144	176128	262144	131072	78300	67108	5	6	9a87851723ac389edef5ce672c83281a2fd64db57ce7c9951c2a3784f8b2869d	409063a6ed7b6fc80a35cb4fa4a7eb8e373ebb8ad6ce0f94ac9f6749330ae4bc	L0[chunks=1@0,eor=0,in=1048576,out=1044480;witness=ET,s=-,h=-,partial=-,quotient=-,src=legacy,dA=128,sec=Linf]/L1[chunks=1@0,eor=0,in=1044480,out=297600;witness=ET,s=-,h=-,partial=-,quotient=-,src=legacy,dA=64,sec=Linf]/L2[chunks=1@0,eor=0,in=297600,out=161280;witness=ET,s=-,h=-,partial=-,quotient=-,src=legacy,dA=64,sec=Linf]/L3[chunks=1@0,eor=0,in=161280,out=113024;witness=ET,s=-,h=-,partial=-,quotient=-,src=legacy,dA=64,sec=Linf]/T[method=ET,src=legacy,eor=0,input=113024,dA=64,sec=Linf]	cutover=L3;L0[chunks=1@0,rel=quotient,qrm=0,cqrm=0,eor=0,in=1048576,out=1018880;witness=PACK,s=64,h=4,partial=64,quotient=64,src=canonical,dA=256,sec=Linf;pre0=PACK,s=128,h=1,partial=128,quotient=128,src=canonical,dA=128,sec=Linf;pre1=PACK,s=128,h=1,partial=128,quotient=128,src=canonical,dA=128,sec=Linf]/L1[chunks=1@0,rel=quotient,qrm=0,cqrm=0,eor=0,in=1018880,out=516352;witness=PACK,s=128,h=2,partial=128,quotient=128,src=canonical,dA=256,sec=Linf]/L2[chunks=1@0,rel=quotient,qrm=0,cqrm=0,eor=0,in=516352,out=393088;witness=ET,s=-,h=-,partial=-,quotient=-,src=canonical,dA=64,sec=Linf]/L3[chunks=1@0,rel=reduced-evaluation,qrm=12288,cqrm=1536,eor=0,in=393088,out=217088;witness=ET,s=-,h=-,partial=-,quotient=-,src=canonical,dA=64,sec=L2]/L4[chunks=1@0,rel=reduced-evaluation,qrm=9984,cqrm=0,eor=0,in=217088,out=112128;witness=ET,s=-,h=-,partial=-,quotient=-,src=canonical,dA=64,sec=L2]/T[method=ET,src=canonical,eor=0,input=112128,dA=64,sec=L2]
fp128_onehot	changed	final=20:4;precommitted=14:1,14:1,14:1	1be82afa8f44b7272e0957ae69168854b7c0e9496b0beeefde996e05f659a15c	b967e231ab2b1cad083afb78c233566440553fe9ae131780feeda3137afa05f4	262144	198144	262144	131072	78412	67351	5	6	aeda2d780737053641be441a63a0fbd482b8ddb9782dc1487580efb7af3adb82	7ae39323aaa39d474aa7fcec5e70d8732fae3467ef6786a7066d9c378f590561	L0[chunks=1@0,eor=0,in=1048576,out=1224448;witness=ET,s=-,h=-,partial=-,quotient=-,src=legacy,dA=256,sec=Linf]/L1[chunks=1@0,eor=0,in=1224448,out=322560;witness=ET,s=-,h=-,partial=-,quotient=-,src=legacy,dA=64,sec=Linf]/L2[chunks=1@0,eor=0,in=322560,out=161280;witness=ET,s=-,h=-,partial=-,quotient=-,src=legacy,dA=64,sec=Linf]/L3[chunks=1@0,eor=0,in=161280,out=113024;witness=ET,s=-,h=-,partial=-,quotient=-,src=legacy,dA=64,sec=Linf]/T[method=ET,src=legacy,eor=0,input=113024,dA=64,sec=Linf]	cutover=L3;L0[chunks=1@0,rel=quotient,qrm=0,cqrm=0,eor=0,in=1048576,out=1073920;witness=PACK,s=64,h=4,partial=64,quotient=64,src=canonical,dA=256,sec=Linf;pre0=PACK,s=128,h=1,partial=128,quotient=128,src=canonical,dA=128,sec=Linf;pre1=PACK,s=128,h=1,partial=128,quotient=128,src=canonical,dA=128,sec=Linf;pre2=PACK,s=128,h=1,partial=128,quotient=128,src=canonical,dA=128,sec=Linf]/L1[chunks=1@0,rel=quotient,qrm=0,cqrm=0,eor=0,in=1073920,out=586432;witness=PACK,s=128,h=2,partial=128,quotient=128,src=canonical,dA=256,sec=Linf]/L2[chunks=1@0,rel=quotient,qrm=0,cqrm=0,eor=0,in=586432,out=420608;witness=ET,s=-,h=-,partial=-,quotient=-,src=canonical,dA=64,sec=Linf]/L3[chunks=1@0,rel=reduced-evaluation,qrm=12288,cqrm=1536,eor=0,in=420608,out=225280;witness=ET,s=-,h=-,partial=-,quotient=-,src=canonical,dA=64,sec=L2]/L4[chunks=1@0,rel=reduced-evaluation,qrm=9984,cqrm=0,eor=0,in=225280,out=112128;witness=ET,s=-,h=-,partial=-,quotient=-,src=canonical,dA=64,sec=L2]/T[method=ET,src=canonical,eor=0,input=112128,dA=64,sec=L2]
fp128_onehot	changed	final=28:1;precommitted=	a46de3bb37f42fa48a71b95f2322aad4c4e9c8626b40c631cd6537cb251072a1	a46de3bb37f42fa48a71b95f2322aad4c4e9c8626b40c631cd6537cb251072a1	2097152	1048576	2097152	1048576	73136	69083	6	6	766258ab8adf5705e5c977cbc9a18fe6a537bfccfd08f074a54e569fa5ef780c	16e7d9d17634aa7e6287702f26a69b3787b9e2261b48b8782e09ed5bf597bbcf	L0[chunks=1@0,eor=0,in=268435456,out=7062464;witness=ET,s=-,h=-,partial=-,quotient=-,src=legacy,dA=256,sec=Linf]/L1[chunks=1@0,eor=0,in=7062464,out=1095168;witness=ET,s=-,h=-,partial=-,quotient=-,src=legacy,dA=64,sec=Linf]/L2[chunks=1@0,eor=0,in=1095168,out=443904;witness=ET,s=-,h=-,partial=-,quotient=-,src=legacy,dA=64,sec=Linf]/L3[chunks=1@0,eor=0,in=443904,out=247296;witness=ET,s=-,h=-,partial=-,quotient=-,src=legacy,dA=64,sec=L2]/L4[chunks=1@0,eor=0,in=247296,out=128768;witness=ET,s=-,h=-,partial=-,quotient=-,src=legacy,dA=64,sec=L2]/T[method=ET,src=legacy,eor=0,input=128768,dA=64,sec=L2]	cutover=L2;L0[chunks=1@0,rel=quotient,qrm=0,cqrm=0,eor=0,in=268435456,out=6742976;witness=PACK,s=64,h=4,partial=64,quotient=64,src=canonical,dA=256,sec=Linf]/L1[chunks=1@0,rel=quotient,qrm=0,cqrm=0,eor=0,in=6742976,out=1101312;witness=PACK,s=64,h=1,partial=64,quotient=64,src=canonical,dA=64,sec=Linf]/L2[chunks=1@0,rel=reduced-evaluation,qrm=16384,cqrm=1536,eor=0,in=1101312,out=425984;witness=ET,s=-,h=-,partial=-,quotient=-,src=canonical,dA=64,sec=Linf]/L3[chunks=1@0,rel=reduced-evaluation,qrm=12288,cqrm=1536,eor=0,in=425984,out=225280;witness=ET,s=-,h=-,partial=-,quotient=-,src=canonical,dA=64,sec=L2]/L4[chunks=1@0,rel=reduced-evaluation,qrm=9984,cqrm=0,eor=0,in=225280,out=112128;witness=ET,s=-,h=-,partial=-,quotient=-,src=canonical,dA=64,sec=L2]/T[method=ET,src=canonical,eor=0,input=112128,dA=64,sec=L2]
fp128_onehot	changed	final=30:1;precommitted=	0661c6ea7796b195873f4f0afc34e1f8ab8b773648907a24b0f5110247bb10d2	0661c6ea7796b195873f4f0afc34e1f8ab8b773648907a24b0f5110247bb10d2	4194304	2097152	4194304	2097152	74772	70725	7	7	6ee02c2309e55fba23b5ab6b33d6d0a158a859dd6934baac7b2eba969bc0bb0f	5f8bf24e13864774004e03f766be7b72d3a692b64b3405a21f76bbfc0810785e	L0[chunks=1@0,eor=0,in=1073741824,out=14801152;witness=ET,s=-,h=-,partial=-,quotient=-,src=legacy,dA=128,sec=Linf]/L1[chunks=1@0,eor=0,in=14801152,out=2034368;witness=ET,s=-,h=-,partial=-,quotient=-,src=legacy,dA=64,sec=Linf]/L2[chunks=1@0,eor=0,in=2034368,out=833088;witness=ET,s=-,h=-,partial=-,quotient=-,src=legacy,dA=64,sec=Linf]/L3[chunks=1@0,eor=0,in=833088,out=444352;witness=ET,s=-,h=-,partial=-,quotient=-,src=legacy,dA=64,sec=L2]/L4[chunks=1@0,eor=0,in=444352,out=247296;witness=ET,s=-,h=-,partial=-,quotient=-,src=legacy,dA=64,sec=L2]/L5[chunks=1@0,eor=0,in=247296,out=128768;witness=ET,s=-,h=-,partial=-,quotient=-,src=legacy,dA=64,sec=L2]/T[method=ET,src=legacy,eor=0,input=128768,dA=64,sec=L2]	cutover=L2;L0[chunks=1@0,rel=quotient,qrm=0,cqrm=0,eor=0,in=1073741824,out=13411264;witness=PACK,s=64,h=4,partial=64,quotient=64,src=canonical,dA=256,sec=Linf]/L1[chunks=1@0,rel=quotient,qrm=0,cqrm=0,eor=0,in=13411264,out=1951808;witness=PACK,s=64,h=1,partial=64,quotient=64,src=canonical,dA=64,sec=Linf]/L2[chunks=1@0,rel=reduced-evaluation,qrm=22016,cqrm=2064,eor=0,in=1951808,out=777984;witness=ET,s=-,h=-,partial=-,quotient=-,src=canonical,dA=64,sec=Linf]/L3[chunks=1@0,rel=reduced-evaluation,qrm=16512,cqrm=2064,eor=0,in=777984,out=414720;witness=ET,s=-,h=-,partial=-,quotient=-,src=canonical,dA=64,sec=L2]/L4[chunks=1@0,rel=reduced-evaluation,qrm=12288,cqrm=1536,eor=0,in=414720,out=225280;witness=ET,s=-,h=-,partial=-,quotient=-,src=canonical,dA=64,sec=L2]/L5[chunks=1@0,rel=reduced-evaluation,qrm=9984,cqrm=0,eor=0,in=225280,out=112128;witness=ET,s=-,h=-,partial=-,quotient=-,src=canonical,dA=64,sec=L2]/T[method=ET,src=canonical,eor=0,input=112128,dA=64,sec=L2]
fp128_onehot	changed	final=30:4;precommitted=	619a78159ae3df6e54d9411603c43aba002307069fda024793c83803f33af61c	619a78159ae3df6e54d9411603c43aba002307069fda024793c83803f33af61c	8388608	4194304	8388608	4194304	75108	71280	7	7	83640ce864036669afd85e497885d26d436bbe002ba7be8f626c85bb9df64229	18993c0da518a88bba9eca4fb56bfa41f3e82df941f6dcb0f33d69c79b4a5402	L0[chunks=1@0,eor=0,in=1073741824,out=36488128;witness=ET,s=-,h=-,partial=-,quotient=-,src=legacy,dA=256,sec=Linf]/L1[chunks=1@0,eor=0,in=36488128,out=3415808;witness=ET,s=-,h=-,partial=-,quotient=-,src=legacy,dA=64,sec=Linf]/L2[chunks=1@0,eor=0,in=3415808,out=1014720;witness=ET,s=-,h=-,partial=-,quotient=-,src=legacy,dA=64,sec=Linf]/L3[chunks=1@0,eor=0,in=1014720,out=477376;witness=ET,s=-,h=-,partial=-,quotient=-,src=legacy,dA=64,sec=L2]/L4[chunks=1@0,eor=0,in=477376,out=255488;witness=ET,s=-,h=-,partial=-,quotient=-,src=legacy,dA=64,sec=L2]/L5[chunks=1@0,eor=0,in=255488,out=128768;witness=ET,s=-,h=-,partial=-,quotient=-,src=legacy,dA=64,sec=L2]/T[method=ET,src=legacy,eor=0,input=128768,dA=64,sec=L2]	cutover=L3;L0[chunks=1@0,rel=quotient,qrm=0,cqrm=0,eor=0,in=1073741824,out=26747840;witness=PACK,s=64,h=4,partial=64,quotient=64,src=canonical,dA=256,sec=Linf]/L1[chunks=1@0,rel=quotient,qrm=0,cqrm=0,eor=0,in=26747840,out=3366336;witness=PACK,s=256,h=1,partial=256,quotient=256,src=canonical,dA=256,sec=Linf]/L2[chunks=1@0,rel=quotient,qrm=0,cqrm=0,eor=0,in=3366336,out=998208;witness=ET,s=-,h=-,partial=-,quotient=-,src=canonical,dA=64,sec=Linf]/L3[chunks=1@0,rel=reduced-evaluation,qrm=16384,cqrm=1536,eor=0,in=998208,out=413696;witness=ET,s=-,h=-,partial=-,quotient=-,src=canonical,dA=64,sec=Linf]/L4[chunks=1@0,rel=reduced-evaluation,qrm=12288,cqrm=1536,eor=0,in=413696,out=225280;witness=ET,s=-,h=-,partial=-,quotient=-,src=canonical,dA=64,sec=L2]/L5[chunks=1@0,rel=reduced-evaluation,qrm=9984,cqrm=0,eor=0,in=225280,out=112128;witness=ET,s=-,h=-,partial=-,quotient=-,src=canonical,dA=64,sec=L2]/T[method=ET,src=canonical,eor=0,input=112128,dA=64,sec=L2]
fp128_onehot	changed	final=32:1;precommitted=	47272635f2438376271d1b13f43ae0fbb70effc54ee431f53fae213a90ff22bc	47272635f2438376271d1b13f43ae0fbb70effc54ee431f53fae213a90ff22bc	8388608	4194304	8388608	4194304	75108	71280	7	7	8e9012193155ff660dd2ea03e554a049f38e636cb0fd1cdb516f603d2078a9ef	9a89316729836311527191e7e47999303797bc961e76d1064b9b07994f44c3df	L0[chunks=1@0,eor=0,in=4294967296,out=36488128;witness=ET,s=-,h=-,partial=-,quotient=-,src=legacy,dA=256,sec=Linf]/L1[chunks=1@0,eor=0,in=36488128,out=3415808;witness=ET,s=-,h=-,partial=-,quotient=-,src=legacy,dA=64,sec=Linf]/L2[chunks=1@0,eor=0,in=3415808,out=1014720;witness=ET,s=-,h=-,partial=-,quotient=-,src=legacy,dA=64,sec=Linf]/L3[chunks=1@0,eor=0,in=1014720,out=477376;witness=ET,s=-,h=-,partial=-,quotient=-,src=legacy,dA=64,sec=L2]/L4[chunks=1@0,eor=0,in=477376,out=255488;witness=ET,s=-,h=-,partial=-,quotient=-,src=legacy,dA=64,sec=L2]/L5[chunks=1@0,eor=0,in=255488,out=128768;witness=ET,s=-,h=-,partial=-,quotient=-,src=legacy,dA=64,sec=L2]/T[method=ET,src=legacy,eor=0,input=128768,dA=64,sec=L2]	cutover=L3;L0[chunks=1@0,rel=quotient,qrm=0,cqrm=0,eor=0,in=4294967296,out=26747840;witness=PACK,s=64,h=4,partial=64,quotient=64,src=canonical,dA=256,sec=Linf]/L1[chunks=1@0,rel=quotient,qrm=0,cqrm=0,eor=0,in=26747840,out=3366336;witness=PACK,s=256,h=1,partial=256,quotient=256,src=canonical,dA=256,sec=Linf]/L2[chunks=1@0,rel=quotient,qrm=0,cqrm=0,eor=0,in=3366336,out=998208;witness=ET,s=-,h=-,partial=-,quotient=-,src=canonical,dA=64,sec=Linf]/L3[chunks=1@0,rel=reduced-evaluation,qrm=16384,cqrm=1536,eor=0,in=998208,out=413696;witness=ET,s=-,h=-,partial=-,quotient=-,src=canonical,dA=64,sec=Linf]/L4[chunks=1@0,rel=reduced-evaluation,qrm=12288,cqrm=1536,eor=0,in=413696,out=225280;witness=ET,s=-,h=-,partial=-,quotient=-,src=canonical,dA=64,sec=L2]/L5[chunks=1@0,rel=reduced-evaluation,qrm=9984,cqrm=0,eor=0,in=225280,out=112128;witness=ET,s=-,h=-,partial=-,quotient=-,src=canonical,dA=64,sec=L2]/T[method=ET,src=canonical,eor=0,input=112128,dA=64,sec=L2]
fp128_onehot	changed	final=32:2;precommitted=16:1,16:1	5fbd10cf3becdad5a285e97c9fed9e358d9f3603b6fd886bb7539204d3c0afdc	d5a1d6c0c3070404756035e582274ad2340809d1c2a62c08f59917faf405ce1e	11316224	8388608	16777216	8388608	75108	71394	7	7	d52c01d20764ecdb1be55c7e398bdc43f584565fac648e200a753bc3c8363e2d	c16e937211b8620a5ca0cbad7e4938f187f83412ab87787b4da72c364bb66eb7	L0[chunks=1@0,eor=0,in=4294967296,out=47986176;witness=ET,s=-,h=-,partial=-,quotient=-,src=legacy,dA=256,sec=Linf]/L1[chunks=1@0,eor=0,in=47986176,out=3660864;witness=ET,s=-,h=-,partial=-,quotient=-,src=legacy,dA=64,sec=Linf]/L2[chunks=1@0,eor=0,in=3660864,out=1031232;witness=ET,s=-,h=-,partial=-,quotient=-,src=legacy,dA=64,sec=Linf]/L3[chunks=1@0,eor=0,in=1031232,out=477376;witness=ET,s=-,h=-,partial=-,quotient=-,src=legacy,dA=64,sec=L2]/L4[chunks=1@0,eor=0,in=477376,out=255488;witness=ET,s=-,h=-,partial=-,quotient=-,src=legacy,dA=64,sec=L2]/L5[chunks=1@0,eor=0,in=255488,out=128768;witness=ET,s=-,h=-,partial=-,quotient=-,src=legacy,dA=64,sec=L2]/T[method=ET,src=legacy,eor=0,input=128768,dA=64,sec=L2]	cutover=L3;L0[chunks=1@0,rel=quotient,qrm=0,cqrm=0,eor=0,in=4294967296,out=42426624;witness=PACK,s=128,h=2,partial=128,quotient=128,src=canonical,dA=256,sec=Linf;pre0=PACK,s=64,h=4,partial=64,quotient=64,src=canonical,dA=256,sec=Linf;pre1=PACK,s=64,h=4,partial=64,quotient=64,src=canonical,dA=256,sec=Linf]/L1[chunks=1@0,rel=quotient,qrm=0,cqrm=0,eor=0,in=42426624,out=3779072;witness=PACK,s=64,h=1,partial=64,quotient=64,src=canonical,dA=64,sec=Linf]/L2[chunks=1@0,rel=quotient,qrm=0,cqrm=0,eor=0,in=3779072,out=1047744;witness=ET,s=-,h=-,partial=-,quotient=-,src=canonical,dA=64,sec=Linf]/L3[chunks=1@0,rel=reduced-evaluation,qrm=16384,cqrm=1536,eor=0,in=1047744,out=413696;witness=ET,s=-,h=-,partial=-,quotient=-,src=canonical,dA=64,sec=Linf]/L4[chunks=1@0,rel=reduced-evaluation,qrm=12288,cqrm=1536,eor=0,in=413696,out=225280;witness=ET,s=-,h=-,partial=-,quotient=-,src=canonical,dA=64,sec=L2]/L5[chunks=1@0,rel=reduced-evaluation,qrm=9984,cqrm=0,eor=0,in=225280,out=112128;witness=ET,s=-,h=-,partial=-,quotient=-,src=canonical,dA=64,sec=L2]/T[method=ET,src=canonical,eor=0,input=112128,dA=64,sec=L2]
fp128_onehot	changed	final=32:4;precommitted=	a2afe07e7869624cdd9ab4baf165bb0251f452bca51d8a64041fbe6d462a9864	a2afe07e7869624cdd9ab4baf165bb0251f452bca51d8a64041fbe6d462a9864	16777216	8388608	16777216	8388608	75748	72073	7	7	48c5603bf4b93a98f734e5fb33e69cafae0020b8ea362c382fe5f6938bcecfda	0cea9ed5cf4b3b096f0113d352432a8cabc867a32e270163634787debd99047d	L0[chunks=1@0,eor=0,in=4294967296,out=72926144;witness=ET,s=-,h=-,partial=-,quotient=-,src=legacy,dA=256,sec=Linf]/L1[chunks=1@0,eor=0,in=72926144,out=5732864;witness=ET,s=-,h=-,partial=-,quotient=-,src=legacy,dA=64,sec=Linf]/L2[chunks=1@0,eor=0,in=5732864,out=1295424;witness=ET,s=-,h=-,partial=-,quotient=-,src=legacy,dA=64,sec=Linf]/L3[chunks=1@0,eor=0,in=1295424,out=480768;witness=ET,s=-,h=-,partial=-,quotient=-,src=legacy,dA=64,sec=Linf]/L4[chunks=1@0,eor=0,in=480768,out=255488;witness=ET,s=-,h=-,partial=-,quotient=-,src=legacy,dA=64,sec=L2]/L5[chunks=1@0,eor=0,in=255488,out=128768;witness=ET,s=-,h=-,partial=-,quotient=-,src=legacy,dA=64,sec=L2]/T[method=ET,src=legacy,eor=0,input=128768,dA=64,sec=L2]	cutover=L3;L0[chunks=1@0,rel=quotient,qrm=0,cqrm=0,eor=0,in=4294967296,out=84408768;witness=PACK,s=64,h=8,partial=64,quotient=64,src=canonical,dA=512,sec=Linf]/L1[chunks=1@0,rel=quotient,qrm=0,cqrm=0,eor=0,in=84408768,out=8198784;witness=PACK,s=256,h=1,partial=256,quotient=256,src=canonical,dA=256,sec=Linf]/L2[chunks=1@0,rel=quotient,qrm=0,cqrm=0,eor=0,in=8198784,out=1609152;witness=ET,s=-,h=-,partial=-,quotient=-,src=canonical,dA=64,sec=Linf]/L3[chunks=1@0,rel=reduced-evaluation,qrm=12288,cqrm=1536,eor=0,in=1609152,out=421888;witness=ET,s=-,h=-,partial=-,quotient=-,src=canonical,dA=64,sec=L2]/L4[chunks=1@0,rel=reduced-evaluation,qrm=12288,cqrm=1536,eor=0,in=421888,out=225280;witness=ET,s=-,h=-,partial=-,quotient=-,src=canonical,dA=64,sec=L2]/L5[chunks=1@0,rel=reduced-evaluation,qrm=9984,cqrm=0,eor=0,in=225280,out=112128;witness=ET,s=-,h=-,partial=-,quotient=-,src=canonical,dA=64,sec=L2]/T[method=ET,src=canonical,eor=0,input=112128,dA=64,sec=L2]
fp128_onehot	added	final=34:2;precommitted=16:1,16:1	-	332e9ee05f8d84b04d22e850834ff07e999f792582ab8428a48944437b12bff4	-	16777216	-	16777216	-	72073	-	7	-	e2de198cbd13d6d9d3b0153d08ff6d455ffcbde3583fd1f1ae6226c44c59e985	-	cutover=L4;L0[chunks=1@0,rel=quotient,qrm=0,cqrm=0,eor=0,in=17179869184,out=84500736;witness=PACK,s=128,h=2,partial=128,quotient=128,src=canonical,dA=256,sec=Linf;pre0=PACK,s=64,h=4,partial=64,quotient=64,src=canonical,dA=256,sec=Linf;pre1=PACK,s=64,h=4,partial=64,quotient=64,src=canonical,dA=256,sec=Linf]/L1[chunks=1@0,rel=quotient,qrm=0,cqrm=0,eor=0,in=84500736,out=6195264;witness=PACK,s=64,h=4,partial=64,quotient=64,src=canonical,dA=256,sec=Linf]/L2[chunks=1@0,rel=quotient,qrm=0,cqrm=0,eor=0,in=6195264,out=1361472;witness=ET,s=-,h=-,partial=-,quotient=-,src=canonical,dA=64,sec=Linf]/L3[chunks=1@0,rel=quotient,qrm=0,cqrm=0,eor=0,in=1361472,out=402944;witness=ET,s=-,h=-,partial=-,quotient=-,src=canonical,dA=64,sec=L2]/L4[chunks=1@0,rel=reduced-evaluation,qrm=12288,cqrm=1536,eor=0,in=402944,out=225280;witness=ET,s=-,h=-,partial=-,quotient=-,src=canonical,dA=64,sec=L2]/L5[chunks=1@0,rel=reduced-evaluation,qrm=9984,cqrm=0,eor=0,in=225280,out=112128;witness=ET,s=-,h=-,partial=-,quotient=-,src=canonical,dA=64,sec=L2]/T[method=ET,src=canonical,eor=0,input=112128,dA=64,sec=L2]
fp128_onehot	changed	final=36:1;precommitted=	b9f19e5b22668a057b75ac8efda23eb70064baa0dde95e015463454c195a7713	b9f19e5b22668a057b75ac8efda23eb70064baa0dde95e015463454c195a7713	45088768	16777216	67108864	16777216	76196	72187	7	7	ab259a02d405d754f96bb6a13d89309deb42ac2722791d740f768638cbf35e89	3b3b281148c6ff0bba02a3f1e8c5e5e34ea31bb719d329ff4ac6776ab193b332	L0[chunks=1@0,eor=0,in=68719476736,out=140581184;witness=ET,s=-,h=-,partial=-,quotient=-,src=legacy,dA=256,sec=Linf]/L1[chunks=1@0,eor=0,in=140581184,out=6594432;witness=ET,s=-,h=-,partial=-,quotient=-,src=legacy,dA=64,sec=Linf]/L2[chunks=1@0,eor=0,in=6594432,out=1411008;witness=ET,s=-,h=-,partial=-,quotient=-,src=legacy,dA=64,sec=Linf]/L3[chunks=1@0,eor=0,in=1411008,out=411136;witness=ET,s=-,h=-,partial=-,quotient=-,src=legacy,dA=64,sec=L2]/L4[chunks=1@0,eor=0,in=411136,out=239104;witness=ET,s=-,h=-,partial=-,quotient=-,src=legacy,dA=64,sec=L2]/L5[chunks=1@0,eor=0,in=239104,out=128768;witness=ET,s=-,h=-,partial=-,quotient=-,src=legacy,dA=64,sec=L2]/T[method=ET,src=legacy,eor=0,input=128768,dA=64,sec=L2]	cutover=L3;L0[chunks=1@0,rel=quotient,qrm=0,cqrm=0,eor=0,in=68719476736,out=168688064;witness=PACK,s=64,h=8,partial=64,quotient=64,src=canonical,dA=512,sec=Linf]/L1[chunks=1@0,rel=quotient,qrm=0,cqrm=0,eor=0,in=168688064,out=8267648;witness=PACK,s=64,h=4,partial=64,quotient=64,src=canonical,dA=256,sec=Linf]/L2[chunks=1@0,rel=quotient,qrm=0,cqrm=0,eor=0,in=8267648,out=1621568;witness=ET,s=-,h=-,partial=-,quotient=-,src=canonical,dA=64,sec=Linf]/L3[chunks=1@0,rel=reduced-evaluation,qrm=12288,cqrm=1536,eor=0,in=1621568,out=421888;witness=ET,s=-,h=-,partial=-,quotient=-,src=canonical,dA=64,sec=L2]/L4[chunks=1@0,rel=reduced-evaluation,qrm=12288,cqrm=1536,eor=0,in=421888,out=225280;witness=ET,s=-,h=-,partial=-,quotient=-,src=canonical,dA=64,sec=L2]/L5[chunks=1@0,rel=reduced-evaluation,qrm=9984,cqrm=0,eor=0,in=225280,out=112128;witness=ET,s=-,h=-,partial=-,quotient=-,src=canonical,dA=64,sec=L2]/T[method=ET,src=canonical,eor=0,input=112128,dA=64,sec=L2]
fp128_onehot	changed	final=40:1;precommitted=	b5096196e31d7c94b6e34c5a093fd4bb202586423c3e6d14f78920e3d5d954c3	b5096196e31d7c94b6e34c5a093fd4bb202586423c3e6d14f78920e3d5d954c3	180355072	90177536	268435456	134217728	77348	74085	7	7	2d4f13989a4bd7a03c2a800daff068c42a88b404ee54a754c33dbe274ce447b3	25196f08b05b2e087ebc035a3d751bd1ab2c91670d1c887d17528f089dba6ac6	L0[chunks=1@0,eor=0,in=1099511627776,out=809649344;witness=ET,s=-,h=-,partial=-,quotient=-,src=legacy,dA=256,sec=Linf]/L1[chunks=1@0,eor=0,in=809649344,out=16969856;witness=ET,s=-,h=-,partial=-,quotient=-,src=legacy,dA=128,sec=Linf]/L2[chunks=1@0,eor=0,in=16969856,out=1623552;witness=ET,s=-,h=-,partial=-,quotient=-,src=legacy,dA=64,sec=Linf]/L3[chunks=1@0,eor=0,in=1623552,out=488960;witness=ET,s=-,h=-,partial=-,quotient=-,src=legacy,dA=64,sec=L2]/L4[chunks=1@0,eor=0,in=488960,out=255488;witness=ET,s=-,h=-,partial=-,quotient=-,src=legacy,dA=64,sec=L2]/L5[chunks=1@0,eor=0,in=255488,out=128768;witness=ET,s=-,h=-,partial=-,quotient=-,src=legacy,dA=64,sec=L2]/T[method=ET,src=legacy,eor=0,input=128768,dA=64,sec=L2]	cutover=L2;L0[chunks=1@0,rel=quotient,qrm=0,cqrm=0,eor=0,in=1099511627776,out=674374784;witness=PACK,s=64,h=8,partial=64,quotient=64,src=canonical,dA=512,sec=Linf]/L1[chunks=1@0,rel=quotient,qrm=0,cqrm=0,eor=0,in=674374784,out=10286592;witness=PACK,s=64,h=1,partial=64,quotient=64,src=canonical,dA=64,sec=Linf]/L2[chunks=1@0,rel=reduced-evaluation,qrm=16384,cqrm=1536,eor=0,in=10286592,out=1298432;witness=ET,s=-,h=-,partial=-,quotient=-,src=canonical,dA=64,sec=Linf]/L3[chunks=1@0,rel=reduced-evaluation,qrm=14336,cqrm=1536,eor=0,in=1298432,out=421888;witness=ET,s=-,h=-,partial=-,quotient=-,src=canonical,dA=64,sec=L2]/L4[chunks=1@0,rel=reduced-evaluation,qrm=12288,cqrm=1536,eor=0,in=421888,out=225280;witness=ET,s=-,h=-,partial=-,quotient=-,src=canonical,dA=64,sec=L2]/L5[chunks=1@0,rel=reduced-evaluation,qrm=9984,cqrm=0,eor=0,in=225280,out=112128;witness=ET,s=-,h=-,partial=-,quotient=-,src=canonical,dA=64,sec=L2]/T[method=ET,src=canonical,eor=0,input=112128,dA=64,sec=L2]
fp128_onehot	changed	final=44:1;precommitted=	59108197889e16b1363957b8a7c59570842f3b60502857dee9a4456586d7081e	59108197889e16b1363957b8a7c59570842f3b60502857dee9a4456586d7081e	721420288	360710144	1073741824	536870912	78984	75234	8	8	ab46197cdcfe43902882ce53f5f605e8b43460d7cbd117ce0f7b91a0b29d1c32	19087ee9180d2da30b8d4335dd77c21daf806765c6aa44cea2c11d32781c9432	L0[chunks=1@0,eor=0,in=17592186044416,out=3238151360;witness=ET,s=-,h=-,partial=-,quotient=-,src=legacy,dA=256,sec=Linf]/L1[chunks=1@0,eor=0,in=3238151360,out=42398720;witness=ET,s=-,h=-,partial=-,quotient=-,src=legacy,dA=256,sec=Linf]/L2[chunks=1@0,eor=0,in=42398720,out=3479232;witness=ET,s=-,h=-,partial=-,quotient=-,src=legacy,dA=64,sec=Linf]/L3[chunks=1@0,eor=0,in=3479232,out=1014720;witness=ET,s=-,h=-,partial=-,quotient=-,src=legacy,dA=64,sec=Linf]/L4[chunks=1@0,eor=0,in=1014720,out=477376;witness=ET,s=-,h=-,partial=-,quotient=-,src=legacy,dA=64,sec=L2]/L5[chunks=1@0,eor=0,in=477376,out=255488;witness=ET,s=-,h=-,partial=-,quotient=-,src=legacy,dA=64,sec=L2]/L6[chunks=1@0,eor=0,in=255488,out=128768;witness=ET,s=-,h=-,partial=-,quotient=-,src=legacy,dA=64,sec=L2]/T[method=ET,src=legacy,eor=0,input=128768,dA=64,sec=L2]	cutover=L5;L0[chunks=1@0,rel=quotient,qrm=0,cqrm=0,eor=0,in=17592186044416,out=2877435776;witness=PACK,s=128,h=4,partial=128,quotient=128,src=canonical,dA=512,sec=Linf]/L1[chunks=1@0,rel=quotient,qrm=0,cqrm=0,eor=0,in=2877435776,out=31985152;witness=PACK,s=128,h=1,partial=128,quotient=128,src=canonical,dA=128,sec=Linf]/L2[chunks=1@0,rel=quotient,qrm=0,cqrm=0,eor=0,in=31985152,out=3124160;witness=ET,s=-,h=-,partial=-,quotient=-,src=canonical,dA=64,sec=Linf]/L3[chunks=1@0,rel=quotient,qrm=0,cqrm=0,eor=0,in=3124160,out=965184;witness=ET,s=-,h=-,partial=-,quotient=-,src=canonical,dA=64,sec=Linf]/L4[chunks=1@0,rel=quotient,qrm=0,cqrm=0,eor=0,in=965184,out=419328;witness=ET,s=-,h=-,partial=-,quotient=-,src=canonical,dA=64,sec=Linf]/L5[chunks=1@0,rel=reduced-evaluation,qrm=12288,cqrm=1536,eor=0,in=419328,out=225280;witness=ET,s=-,h=-,partial=-,quotient=-,src=canonical,dA=64,sec=L2]/L6[chunks=1@0,rel=reduced-evaluation,qrm=9984,cqrm=0,eor=0,in=225280,out=112128;witness=ET,s=-,h=-,partial=-,quotient=-,src=canonical,dA=64,sec=L2]/T[method=ET,src=canonical,eor=0,input=112128,dA=64,sec=L2]
fp128_onehot	changed	final=50:1;precommitted=	270f16c2966b092473ac7c4025e71c8e4bb127f40148ad4d279309ce24502a77	270f16c2966b092473ac7c4025e71c8e4bb127f40148ad4d279309ce24502a77	5771362304	2885681152	8589934592	4294967296	79960	76370	8	8	4b4798777204732347c4dbda6be90936f89e0786f8eef654f94cde45aa5e3718	2690fc2b9c5fcbbdcd4badc2f5e689a9d9aee24e5057663a9d143cc0eaf08333	L0[chunks=1@0,eor=0,in=1125899906842624,out=25904170176;witness=ET,s=-,h=-,partial=-,quotient=-,src=legacy,dA=256,sec=Linf]/L1[chunks=1@0,eor=0,in=25904170176,out=110011520;witness=ET,s=-,h=-,partial=-,quotient=-,src=legacy,dA=64,sec=Linf]/L2[chunks=1@0,eor=0,in=110011520,out=5609280;witness=ET,s=-,h=-,partial=-,quotient=-,src=legacy,dA=64,sec=Linf]/L3[chunks=1@0,eor=0,in=5609280,out=1278912;witness=ET,s=-,h=-,partial=-,quotient=-,src=legacy,dA=64,sec=Linf]/L4[chunks=1@0,eor=0,in=1278912,out=480768;witness=ET,s=-,h=-,partial=-,quotient=-,src=legacy,dA=64,sec=Linf]/L5[chunks=1@0,eor=0,in=480768,out=255488;witness=ET,s=-,h=-,partial=-,quotient=-,src=legacy,dA=64,sec=L2]/L6[chunks=1@0,eor=0,in=255488,out=128768;witness=ET,s=-,h=-,partial=-,quotient=-,src=legacy,dA=64,sec=L2]/T[method=ET,src=legacy,eor=0,input=128768,dA=64,sec=L2]	cutover=L5;L0[chunks=1@0,rel=quotient,qrm=0,cqrm=0,eor=0,in=1125899906842624,out=23723123840;witness=PACK,s=64,h=8,partial=64,quotient=64,src=canonical,dA=512,sec=Linf]/L1[chunks=1@0,rel=quotient,qrm=0,cqrm=0,eor=0,in=23723123840,out=130687104;witness=PACK,s=256,h=1,partial=256,quotient=256,src=canonical,dA=256,sec=Linf]/L2[chunks=1@0,rel=quotient,qrm=0,cqrm=0,eor=0,in=130687104,out=6269760;witness=ET,s=-,h=-,partial=-,quotient=-,src=canonical,dA=64,sec=Linf]/L3[chunks=1@0,rel=quotient,qrm=0,cqrm=0,eor=0,in=6269760,out=1361472;witness=ET,s=-,h=-,partial=-,quotient=-,src=canonical,dA=64,sec=Linf]/L4[chunks=1@0,rel=quotient,qrm=0,cqrm=0,eor=0,in=1361472,out=402944;witness=ET,s=-,h=-,partial=-,quotient=-,src=canonical,dA=64,sec=L2]/L5[chunks=1@0,rel=reduced-evaluation,qrm=12288,cqrm=1536,eor=0,in=402944,out=225280;witness=ET,s=-,h=-,partial=-,quotient=-,src=canonical,dA=64,sec=L2]/L6[chunks=1@0,rel=reduced-evaluation,qrm=9984,cqrm=0,eor=0,in=225280,out=112128;witness=ET,s=-,h=-,partial=-,quotient=-,src=canonical,dA=64,sec=L2]/T[method=ET,src=canonical,eor=0,input=112128,dA=64,sec=L2]
fp128_onehot_multi_chunk	changed	final=16:1;precommitted=	619d5acd56307a5aff5911635e36969a167028482b33cc55f9f90598a55554be	619d5acd56307a5aff5911635e36969a167028482b33cc55f9f90598a55554be	327680	327680	262144	131072	81936	68592	6	6	2c4efee8d7acd1b98876190f4d4e4eb8d7a8379b4bb8c2f0f09ac546afad42d5	5d58e0a5f1d4792dd7c7c83c0dd0a1e1849f60f3c4426365c61b7a6822400db9	L0[chunks=8@2,eor=0,in=65536,out=592064;witness=ET,s=-,h=-,partial=-,quotient=-,src=legacy,dA=64,sec=Linf]/L1[chunks=8@2,eor=0,in=592064,out=582848;witness=ET,s=-,h=-,partial=-,quotient=-,src=legacy,dA=64,sec=Linf]/L2[chunks=1@0,eor=0,in=582848,out=239936;witness=ET,s=-,h=-,partial=-,quotient=-,src=legacy,dA=64,sec=Linf]/L3[chunks=1@0,eor=0,in=239936,out=153280;witness=ET,s=-,h=-,partial=-,quotient=-,src=legacy,dA=64,sec=L2]/L4[chunks=1@0,eor=0,in=153280,out=113024;witness=ET,s=-,h=-,partial=-,quotient=-,src=legacy,dA=64,sec=Linf]/T[method=ET,src=legacy,eor=0,input=113024,dA=64,sec=Linf]	cutover=L3;L0[chunks=8@2,rel=quotient,qrm=0,cqrm=0,eor=0,in=65536,out=954816;witness=PACK,s=64,h=8,partial=64,quotient=64,src=canonical,dA=512,sec=Linf]/L1[chunks=8@2,rel=quotient,qrm=0,cqrm=0,eor=0,in=954816,out=941568;witness=PACK,s=128,h=2,partial=128,quotient=128,src=canonical,dA=256,sec=Linf]/L2[chunks=1@0,rel=quotient,qrm=0,cqrm=0,eor=0,in=941568,out=419328;witness=ET,s=-,h=-,partial=-,quotient=-,src=canonical,dA=64,sec=Linf]/L3[chunks=1@0,rel=reduced-evaluation,qrm=12288,cqrm=1536,eor=0,in=419328,out=225280;witness=ET,s=-,h=-,partial=-,quotient=-,src=canonical,dA=64,sec=L2]/L4[chunks=1@0,rel=reduced-evaluation,qrm=9984,cqrm=0,eor=0,in=225280,out=112128;witness=ET,s=-,h=-,partial=-,quotient=-,src=canonical,dA=64,sec=L2]/T[method=ET,src=canonical,eor=0,input=112128,dA=64,sec=L2]
fp128_onehot_multi_chunk	changed	final=32:1;precommitted=	47272635f2438376271d1b13f43ae0fbb70effc54ee431f53fae213a90ff22bc	47272635f2438376271d1b13f43ae0fbb70effc54ee431f53fae213a90ff22bc	8388608	4194304	8388608	4194304	76196	74336	7	8	8eb4e67b7ffe6b383422116795f2a8148ebf38ed2cedee124c483fd4c789e19c	48465c4972a2b83eb9fb3721b9f5980ec1020c924e37eb63638fe039d1574b59	L0[chunks=8@2,eor=0,in=4294967296,out=78586816;witness=ET,s=-,h=-,partial=-,quotient=-,src=legacy,dA=64,sec=Linf]/L1[chunks=8@2,eor=0,in=78586816,out=14222720;witness=ET,s=-,h=-,partial=-,quotient=-,src=legacy,dA=64,sec=Linf]/L2[chunks=1@0,eor=0,in=14222720,out=2001344;witness=ET,s=-,h=-,partial=-,quotient=-,src=legacy,dA=64,sec=Linf]/L3[chunks=1@0,eor=0,in=2001344,out=484864;witness=ET,s=-,h=-,partial=-,quotient=-,src=legacy,dA=64,sec=L2]/L4[chunks=1@0,eor=0,in=484864,out=255488;witness=ET,s=-,h=-,partial=-,quotient=-,src=legacy,dA=64,sec=L2]/L5[chunks=1@0,eor=0,in=255488,out=128768;witness=ET,s=-,h=-,partial=-,quotient=-,src=legacy,dA=64,sec=L2]/T[method=ET,src=legacy,eor=0,input=128768,dA=64,sec=L2]	cutover=L4;L0[chunks=8@2,rel=quotient,qrm=0,cqrm=0,eor=0,in=4294967296,out=126155200;witness=PACK,s=64,h=8,partial=64,quotient=64,src=canonical,dA=512,sec=Linf]/L1[chunks=8@2,rel=quotient,qrm=0,cqrm=0,eor=0,in=126155200,out=17797824;witness=PACK,s=64,h=1,partial=64,quotient=64,src=canonical,dA=64,sec=Linf]/L2[chunks=1@0,rel=quotient,qrm=0,cqrm=0,eor=0,in=17797824,out=2216000;witness=ET,s=-,h=-,partial=-,quotient=-,src=canonical,dA=64,sec=Linf]/L3[chunks=1@0,rel=quotient,qrm=0,cqrm=0,eor=0,in=2216000,out=849600;witness=ET,s=-,h=-,partial=-,quotient=-,src=canonical,dA=64,sec=Linf]/L4[chunks=1@0,rel=reduced-evaluation,qrm=16512,cqrm=2064,eor=0,in=849600,out=425728;witness=ET,s=-,h=-,partial=-,quotient=-,src=canonical,dA=64,sec=L2]/L5[chunks=1@0,rel=reduced-evaluation,qrm=12288,cqrm=1536,eor=0,in=425728,out=225280;witness=ET,s=-,h=-,partial=-,quotient=-,src=canonical,dA=64,sec=L2]/L6[chunks=1@0,rel=reduced-evaluation,qrm=9984,cqrm=0,eor=0,in=225280,out=112128;witness=ET,s=-,h=-,partial=-,quotient=-,src=canonical,dA=64,sec=L2]/T[method=ET,src=canonical,eor=0,input=112128,dA=64,sec=L2]
fp128_onehot_multi_chunk	changed	final=32:2;precommitted=16:1,16:1	79efd1b36cd885cf22e76b97e3a75d1f4fdd04482251c6c70fb5dcd4c7025055	9c3b6d7e59da0403b4504446476fffb071445589045659f3a0d01925c8da3229	11624448	5812224	16777216	8388608	76900	74451	7	8	738690121fa03aa334a527240e5fe92c07282b340912534930d438e746fbb86e	a57d30f9edaaddd17a88a14f32d5ab8c4270d5041414cc2b4cda0315f8c74174	L0[chunks=8@2,eor=0,in=4294967296,out=107923264;witness=ET,s=-,h=-,partial=-,quotient=-,src=legacy,dA=64,sec=Linf]/L1[chunks=8@2,eor=0,in=107923264,out=15312768;witness=ET,s=-,h=-,partial=-,quotient=-,src=legacy,dA=64,sec=Linf]/L2[chunks=1@0,eor=0,in=15312768,out=1549824;witness=ET,s=-,h=-,partial=-,quotient=-,src=legacy,dA=64,sec=Linf]/L3[chunks=1@0,eor=0,in=1549824,out=478720;witness=ET,s=-,h=-,partial=-,quotient=-,src=legacy,dA=64,sec=L2]/L4[chunks=1@0,eor=0,in=478720,out=255488;witness=ET,s=-,h=-,partial=-,quotient=-,src=legacy,dA=64,sec=L2]/L5[chunks=1@0,eor=0,in=255488,out=128768;witness=ET,s=-,h=-,partial=-,quotient=-,src=legacy,dA=64,sec=L2]/T[method=ET,src=legacy,eor=0,input=128768,dA=64,sec=L2]	cutover=L3;L0[chunks=8@2,rel=quotient,qrm=0,cqrm=0,eor=0,in=4294967296,out=153399296;witness=PACK,s=64,h=8,partial=64,quotient=64,src=canonical,dA=512,sec=Linf;pre0=PACK,s=64,h=8,partial=64,quotient=64,src=canonical,dA=512,sec=Linf;pre1=PACK,s=64,h=8,partial=64,quotient=64,src=canonical,dA=512,sec=Linf]/L1[chunks=8@2,rel=quotient,qrm=0,cqrm=0,eor=0,in=153399296,out=19801280;witness=PACK,s=64,h=1,partial=64,quotient=64,src=canonical,dA=64,sec=Linf]/L2[chunks=1@0,rel=quotient,qrm=0,cqrm=0,eor=0,in=19801280,out=2348096;witness=ET,s=-,h=-,partial=-,quotient=-,src=canonical,dA=64,sec=Linf]/L3[chunks=1@0,rel=reduced-evaluation,qrm=22016,cqrm=2064,eor=0,in=2348096,out=841984;witness=ET,s=-,h=-,partial=-,quotient=-,src=canonical,dA=64,sec=Linf]/L4[chunks=1@0,rel=reduced-evaluation,qrm=16512,cqrm=2064,eor=0,in=841984,out=425728;witness=ET,s=-,h=-,partial=-,quotient=-,src=canonical,dA=64,sec=L2]/L5[chunks=1@0,rel=reduced-evaluation,qrm=12288,cqrm=1536,eor=0,in=425728,out=225280;witness=ET,s=-,h=-,partial=-,quotient=-,src=canonical,dA=64,sec=L2]/L6[chunks=1@0,rel=reduced-evaluation,qrm=9984,cqrm=0,eor=0,in=225280,out=112128;witness=ET,s=-,h=-,partial=-,quotient=-,src=canonical,dA=64,sec=L2]/T[method=ET,src=canonical,eor=0,input=112128,dA=64,sec=L2]
fp128_onehot_multi_chunk	added	final=34:2;precommitted=16:1,16:1	-	9e2709e34fb0f246bb48208d5ad95d0900ea183f3651ed123f9e9d56622b517a	-	11448320	-	16777216	-	74891	-	8	-	49bec11b4a43a2560273d293f3419345143434f1225637f00f0cc69490db627b	-	cutover=L5;L0[chunks=8@2,rel=quotient,qrm=0,cqrm=0,eor=0,in=17179869184,out=371896320;witness=PACK,s=64,h=8,partial=64,quotient=64,src=canonical,dA=512,sec=Linf;pre0=PACK,s=64,h=8,partial=64,quotient=64,src=canonical,dA=512,sec=Linf;pre1=PACK,s=64,h=8,partial=64,quotient=64,src=canonical,dA=512,sec=Linf]/L1[chunks=8@2,rel=quotient,qrm=0,cqrm=0,eor=0,in=371896320,out=30534848;witness=PACK,s=64,h=1,partial=64,quotient=64,src=canonical,dA=64,sec=Linf]/L2[chunks=1@0,rel=quotient,qrm=0,cqrm=0,eor=0,in=30534848,out=3025088;witness=ET,s=-,h=-,partial=-,quotient=-,src=canonical,dA=64,sec=Linf]/L3[chunks=1@0,rel=quotient,qrm=0,cqrm=0,eor=0,in=3025088,out=965184;witness=ET,s=-,h=-,partial=-,quotient=-,src=canonical,dA=64,sec=Linf]/L4[chunks=1@0,rel=quotient,qrm=0,cqrm=0,eor=0,in=965184,out=419328;witness=ET,s=-,h=-,partial=-,quotient=-,src=canonical,dA=64,sec=Linf]/L5[chunks=1@0,rel=reduced-evaluation,qrm=12288,cqrm=1536,eor=0,in=419328,out=225280;witness=ET,s=-,h=-,partial=-,quotient=-,src=canonical,dA=64,sec=L2]/L6[chunks=1@0,rel=reduced-evaluation,qrm=9984,cqrm=0,eor=0,in=225280,out=112128;witness=ET,s=-,h=-,partial=-,quotient=-,src=canonical,dA=64,sec=L2]/T[method=ET,src=canonical,eor=0,input=112128,dA=64,sec=L2]
fp128_onehot_multi_chunk_w2r2	changed	final=14:1;precommitted=	235fdc37cb4e83e243a17cafde8597967ef2316443a2656dee73a57dc55cac8e	235fdc37cb4e83e243a17cafde8597967ef2316443a2656dee73a57dc55cac8e	98304	131072	131072	32768	126196	70850	3	6	838000cbe39a823c0e460ea6a1b92f4b9a7d1454a45bf3471af160131ec17c23	a9b7c5c79fbb189ed0f434a9052b99a5baadffb82ccfbe46492d53fe83546e94	L0[chunks=2@2,eor=0,in=16384,out=234432;witness=ET,s=-,h=-,partial=-,quotient=-,src=legacy,dA=256,sec=Linf]/L1[chunks=2@2,eor=0,in=234432,out=212160;witness=ET,s=-,h=-,partial=-,quotient=-,src=legacy,dA=64,sec=Linf]/T[method=ET,src=legacy,eor=0,input=212160,dA=64,sec=Linf]	cutover=L3;L0[chunks=2@2,rel=quotient,qrm=0,cqrm=0,eor=0,in=16384,out=225856;witness=PACK,s=128,h=4,partial=128,quotient=128,src=canonical,dA=512,sec=Linf]/L1[chunks=2@2,rel=quotient,qrm=0,cqrm=0,eor=0,in=225856,out=225280;witness=PACK,s=64,h=1,partial=64,quotient=64,src=canonical,dA=64,sec=Linf]/L2[chunks=1@0,rel=quotient,qrm=0,cqrm=0,eor=0,in=225280,out=146240;witness=ET,s=-,h=-,partial=-,quotient=-,src=canonical,dA=64,sec=Linf]/L3[chunks=1@0,rel=reduced-evaluation,qrm=9856,cqrm=0,eor=0,in=146240,out=96128;witness=ET,s=-,h=-,partial=-,quotient=-,src=canonical,dA=64,sec=Linf]/L4[chunks=1@0,rel=reduced-evaluation,qrm=9856,cqrm=0,eor=0,in=96128,out=75008;witness=ET,s=-,h=-,partial=-,quotient=-,src=canonical,dA=64,sec=Linf]/T[method=ET,src=canonical,eor=0,input=75008,dA=64,sec=L2]
fp128_onehot_multi_chunk_w2r2	changed	final=14:1;precommitted=14:1	4f65b70a8eda78f164af9406dee96301d4b6762114c2695fe2ff7d870b2d61d6	6462a5416711e49e02813435972735d0f5a841daa8735412b894391b0fe3a86e	163840	131072	262144	32768	70812	70965	5	6	e279a95b5e878fd581966473d990d275df398543639db8b2265e68067a51cbd0	2c4c3463a5d96f25f70db27c2b3a38094545ac0283f9c0afac22ac08bc6610f8	L0[chunks=2@2,eor=0,in=16384,out=377856;witness=ET,s=-,h=-,partial=-,quotient=-,src=legacy,dA=256,sec=Linf]/L1[chunks=2@2,eor=0,in=377856,out=370176;witness=ET,s=-,h=-,partial=-,quotient=-,src=legacy,dA=256,sec=Linf]/L2[chunks=1@0,eor=0,in=370176,out=262144;witness=ET,s=-,h=-,partial=-,quotient=-,src=legacy,dA=64,sec=Linf]/L3[chunks=1@0,eor=0,in=262144,out=128768;witness=ET,s=-,h=-,partial=-,quotient=-,src=legacy,dA=64,sec=L2]/T[method=ET,src=legacy,eor=0,input=128768,dA=64,sec=L2]	cutover=L2;L0[chunks=2@2,rel=quotient,qrm=0,cqrm=0,eor=0,in=16384,out=270336;witness=PACK,s=64,h=1,partial=64,quotient=64,src=canonical,dA=64,sec=Linf;pre0=PACK,s=128,h=4,partial=128,quotient=128,src=canonical,dA=512,sec=Linf]/L1[chunks=2@2,rel=quotient,qrm=0,cqrm=0,eor=0,in=270336,out=250240;witness=PACK,s=64,h=1,partial=64,quotient=64,src=canonical,dA=64,sec=Linf]/L2[chunks=1@0,rel=reduced-evaluation,qrm=9856,cqrm=1056,eor=0,in=250240,out=142336;witness=ET,s=-,h=-,partial=-,quotient=-,src=canonical,dA=64,sec=Linf]/L3[chunks=1@0,rel=reduced-evaluation,qrm=9856,cqrm=0,eor=0,in=142336,out=96128;witness=ET,s=-,h=-,partial=-,quotient=-,src=canonical,dA=64,sec=Linf]/L4[chunks=1@0,rel=reduced-evaluation,qrm=9856,cqrm=0,eor=0,in=96128,out=75008;witness=ET,s=-,h=-,partial=-,quotient=-,src=canonical,dA=64,sec=Linf]/T[method=ET,src=canonical,eor=0,input=75008,dA=64,sec=L2]
fp128_onehot_multi_chunk_w2r2	changed	final=32:1;precommitted=	47272635f2438376271d1b13f43ae0fbb70effc54ee431f53fae213a90ff22bc	47272635f2438376271d1b13f43ae0fbb70effc54ee431f53fae213a90ff22bc	8388608	4194304	8388608	4194304	75636	71959	7	7	57da9583c2c51055d433a200eeb8687e60527b659fda446e8b52af464843339e	f1e3123fdb54779d2399b26136dad37c9e20c7456148e67b52ab4e89fd14ce94	L0[chunks=2@2,eor=0,in=4294967296,out=40838080;witness=ET,s=-,h=-,partial=-,quotient=-,src=legacy,dA=64,sec=Linf]/L1[chunks=2@2,eor=0,in=40838080,out=4728576;witness=ET,s=-,h=-,partial=-,quotient=-,src=legacy,dA=64,sec=Linf]/L2[chunks=1@0,eor=0,in=4728576,out=1179840;witness=ET,s=-,h=-,partial=-,quotient=-,src=legacy,dA=64,sec=Linf]/L3[chunks=1@0,eor=0,in=1179840,out=468480;witness=ET,s=-,h=-,partial=-,quotient=-,src=legacy,dA=64,sec=Linf]/L4[chunks=1@0,eor=0,in=468480,out=255488;witness=ET,s=-,h=-,partial=-,quotient=-,src=legacy,dA=64,sec=L2]/L5[chunks=1@0,eor=0,in=255488,out=128768;witness=ET,s=-,h=-,partial=-,quotient=-,src=legacy,dA=64,sec=L2]/T[method=ET,src=legacy,eor=0,input=128768,dA=64,sec=L2]	cutover=L3;L0[chunks=2@2,rel=quotient,qrm=0,cqrm=0,eor=0,in=4294967296,out=50657728;witness=PACK,s=64,h=8,partial=64,quotient=64,src=canonical,dA=512,sec=Linf]/L1[chunks=2@2,rel=quotient,qrm=0,cqrm=0,eor=0,in=50657728,out=7535360;witness=PACK,s=256,h=1,partial=256,quotient=256,src=canonical,dA=256,sec=Linf]/L2[chunks=1@0,rel=quotient,qrm=0,cqrm=0,eor=0,in=7535360,out=1526592;witness=ET,s=-,h=-,partial=-,quotient=-,src=canonical,dA=64,sec=Linf]/L3[chunks=1@0,rel=reduced-evaluation,qrm=12288,cqrm=1536,eor=0,in=1526592,out=413696;witness=ET,s=-,h=-,partial=-,quotient=-,src=canonical,dA=64,sec=L2]/L4[chunks=1@0,rel=reduced-evaluation,qrm=12288,cqrm=1536,eor=0,in=413696,out=225280;witness=ET,s=-,h=-,partial=-,quotient=-,src=canonical,dA=64,sec=L2]/L5[chunks=1@0,rel=reduced-evaluation,qrm=9984,cqrm=0,eor=0,in=225280,out=112128;witness=ET,s=-,h=-,partial=-,quotient=-,src=canonical,dA=64,sec=L2]/T[method=ET,src=canonical,eor=0,input=112128,dA=64,sec=L2]
fp128_onehot_multi_chunk_w4r2	changed	final=32:1;precommitted=	47272635f2438376271d1b13f43ae0fbb70effc54ee431f53fae213a90ff22bc	47272635f2438376271d1b13f43ae0fbb70effc54ee431f53fae213a90ff22bc	8388608	4194304	8388608	4194304	75972	72915	7	7	ec9b31cb3f17112d513ac7e4a919ef14aefffe0fc8885d9dc2f3fde8e4714db0	df4d886d4b607983b055560cf542405ec77925fdf638371e8233d86baa5e4f32	L0[chunks=4@2,eor=0,in=4294967296,out=53420992;witness=ET,s=-,h=-,partial=-,quotient=-,src=legacy,dA=64,sec=Linf]/L1[chunks=4@2,eor=0,in=53420992,out=7640192;witness=ET,s=-,h=-,partial=-,quotient=-,src=legacy,dA=64,sec=Linf]/L2[chunks=1@0,eor=0,in=7640192,out=1543104;witness=ET,s=-,h=-,partial=-,quotient=-,src=legacy,dA=64,sec=Linf]/L3[chunks=1@0,eor=0,in=1543104,out=427520;witness=ET,s=-,h=-,partial=-,quotient=-,src=legacy,dA=64,sec=L2]/L4[chunks=1@0,eor=0,in=427520,out=247296;witness=ET,s=-,h=-,partial=-,quotient=-,src=legacy,dA=64,sec=L2]/L5[chunks=1@0,eor=0,in=247296,out=128768;witness=ET,s=-,h=-,partial=-,quotient=-,src=legacy,dA=64,sec=L2]/T[method=ET,src=legacy,eor=0,input=128768,dA=64,sec=L2]	cutover=L3;L0[chunks=4@2,rel=quotient,qrm=0,cqrm=0,eor=0,in=4294967296,out=75823552;witness=PACK,s=64,h=8,partial=64,quotient=64,src=canonical,dA=512,sec=Linf]/L1[chunks=4@2,rel=quotient,qrm=0,cqrm=0,eor=0,in=75823552,out=9104000;witness=PACK,s=64,h=1,partial=64,quotient=64,src=canonical,dA=64,sec=Linf]/L2[chunks=1@0,rel=quotient,qrm=0,cqrm=0,eor=0,in=9104000,out=1254912;witness=ET,s=-,h=-,partial=-,quotient=-,src=canonical,dA=64,sec=Linf]/L3[chunks=1@0,rel=reduced-evaluation,qrm=14336,cqrm=1536,eor=0,in=1254912,out=421888;witness=ET,s=-,h=-,partial=-,quotient=-,src=canonical,dA=64,sec=L2]/L4[chunks=1@0,rel=reduced-evaluation,qrm=12288,cqrm=1536,eor=0,in=421888,out=225280;witness=ET,s=-,h=-,partial=-,quotient=-,src=canonical,dA=64,sec=L2]/L5[chunks=1@0,rel=reduced-evaluation,qrm=9984,cqrm=0,eor=0,in=225280,out=112128;witness=ET,s=-,h=-,partial=-,quotient=-,src=canonical,dA=64,sec=L2]/T[method=ET,src=canonical,eor=0,input=112128,dA=64,sec=L2]
fp128_onehot_recursive	changed	final=32:2;precommitted=16:1,16:1	5fbd10cf3becdad5a285e97c9fed9e358d9f3603b6fd886bb7539204d3c0afdc	d5a1d6c0c3070404756035e582274ad2340809d1c2a62c08f59917faf405ce1e	16777216	8388608	4194304	2097152	78388	74419	7	7	8dc2246d8d43535533e2e8121bc59306b7c1eebf2680a481a3999dc3782e4d78	39b17d01c51fa321e66e3a3009ef4a8dbd700375f9502f1333ce2dae55813044	L0[chunks=1@0,eor=0,in=4294967296,out=61879808;witness=ET,s=-,h=-,partial=-,quotient=-,src=legacy,dA=256,sec=Linf]/L1[chunks=1@0,eor=0,in=61879808,out=15071488;witness=ET,s=-,h=-,partial=-,quotient=-,src=legacy,dA=256,sec=Linf]/L2[chunks=1@0,eor=0,in=15071488,out=1537536;witness=ET,s=-,h=-,partial=-,quotient=-,src=legacy,dA=64,sec=Linf]/L3[chunks=1@0,eor=0,in=1537536,out=478720;witness=ET,s=-,h=-,partial=-,quotient=-,src=legacy,dA=64,sec=L2]/L4[chunks=1@0,eor=0,in=478720,out=255488;witness=ET,s=-,h=-,partial=-,quotient=-,src=legacy,dA=64,sec=L2]/L5[chunks=1@0,eor=0,in=255488,out=128768;witness=ET,s=-,h=-,partial=-,quotient=-,src=legacy,dA=64,sec=L2]/T[method=ET,src=legacy,eor=0,input=128768,dA=64,sec=L2]	cutover=L3;L0[chunks=1@0,rel=quotient,qrm=0,cqrm=0,eor=0,in=4294967296,out=42440448;witness=PACK,s=128,h=2,partial=128,quotient=128,src=canonical,dA=256,sec=Linf;pre0=PACK,s=64,h=4,partial=64,quotient=64,src=canonical,dA=256,sec=Linf;pre1=PACK,s=128,h=2,partial=128,quotient=128,src=canonical,dA=256,sec=Linf]/L1[chunks=1@0,rel=quotient,qrm=0,cqrm=0,eor=0,in=42440448,out=9433344;witness=PACK,s=64,h=4,partial=64,quotient=64,src=canonical,dA=256,sec=Linf;prefix=PACK,s=64,h=4,partial=64,quotient=64,src=canonical,dA=256,sec=Linf]/L2[chunks=1@0,rel=quotient,qrm=0,cqrm=0,eor=0,in=9433344,out=1267200;witness=ET,s=-,h=-,partial=-,quotient=-,src=canonical,dA=64,sec=Linf]/L3[chunks=1@0,rel=reduced-evaluation,qrm=14336,cqrm=1536,eor=0,in=1267200,out=421888;witness=ET,s=-,h=-,partial=-,quotient=-,src=canonical,dA=64,sec=L2]/L4[chunks=1@0,rel=reduced-evaluation,qrm=12288,cqrm=1536,eor=0,in=421888,out=225280;witness=ET,s=-,h=-,partial=-,quotient=-,src=canonical,dA=64,sec=L2]/L5[chunks=1@0,rel=reduced-evaluation,qrm=9984,cqrm=0,eor=0,in=225280,out=112128;witness=ET,s=-,h=-,partial=-,quotient=-,src=canonical,dA=64,sec=L2]/T[method=ET,src=canonical,eor=0,input=112128,dA=64,sec=L2]
fp128_onehot_recursive	added	final=34:2;precommitted=16:1,16:1	-	332e9ee05f8d84b04d22e850834ff07e999f792582ab8428a48944437b12bff4	-	16777216	-	2097152	-	88378	-	9	-	1ce86e91088659e201168180660c9c3a27714da49db1592cf31cca14ac7bce64	-	cutover=L5;L0[chunks=1@0,rel=quotient,qrm=0,cqrm=0,eor=0,in=17179869184,out=107187712;witness=PACK,s=128,h=4,partial=128,quotient=128,src=canonical,dA=512,sec=Linf;pre0=PACK,s=256,h=1,partial=256,quotient=256,src=canonical,dA=256,sec=Linf;pre1=PACK,s=128,h=2,partial=128,quotient=128,src=canonical,dA=256,sec=Linf]/L1[chunks=1@0,rel=quotient,qrm=0,cqrm=0,eor=0,in=107187712,out=13471744;witness=PACK,s=512,h=1,partial=512,quotient=512,src=canonical,dA=512,sec=Linf;prefix=PACK,s=512,h=1,partial=512,quotient=512,src=canonical,dA=512,sec=Linf]/L2[chunks=1@0,rel=quotient,qrm=0,cqrm=0,eor=0,in=13471744,out=1417408;witness=ET,s=-,h=-,partial=-,quotient=-,src=canonical,dA=64,sec=Linf]/L3[chunks=1@0,rel=quotient,qrm=0,cqrm=0,eor=0,in=1417408,out=480064;witness=ET,s=-,h=-,partial=-,quotient=-,src=canonical,dA=64,sec=Linf]/L4[chunks=1@0,rel=quotient,qrm=0,cqrm=0,eor=0,in=480064,out=231488;witness=ET,s=-,h=-,partial=-,quotient=-,src=canonical,dA=64,sec=Linf]/L5[chunks=1@0,rel=reduced-evaluation,qrm=9856,cqrm=1056,eor=0,in=231488,out=142336;witness=ET,s=-,h=-,partial=-,quotient=-,src=canonical,dA=64,sec=Linf]/L6[chunks=1@0,rel=reduced-evaluation,qrm=9856,cqrm=0,eor=0,in=142336,out=96128;witness=ET,s=-,h=-,partial=-,quotient=-,src=canonical,dA=64,sec=Linf]/L7[chunks=1@0,rel=reduced-evaluation,qrm=9856,cqrm=0,eor=0,in=96128,out=75008;witness=ET,s=-,h=-,partial=-,quotient=-,src=canonical,dA=64,sec=Linf]/T[method=ET,src=canonical,eor=0,input=75008,dA=64,sec=L2]
fp128_onehot_recursive	changed	final=36:1;precommitted=	b9f19e5b22668a057b75ac8efda23eb70064baa0dde95e015463454c195a7713	b9f19e5b22668a057b75ac8efda23eb70064baa0dde95e015463454c195a7713	67108864	16777216	8388608	4194304	81064	75600	8	8	5be5f7cb76ea375846cb8c0aa692608ab28a3c0293c91fc4cc3f33c0ead5e831	b933d51d45477734bcfb29d94ea0ac2860461308f842e9cb51ee621baf35eef8	L0[chunks=1@0,eor=0,in=68719476736,out=140581184;witness=ET,s=-,h=-,partial=-,quotient=-,src=legacy,dA=256,sec=Linf]/L1[chunks=1@0,eor=0,in=140581184,out=31886400;witness=ET,s=-,h=-,partial=-,quotient=-,src=legacy,dA=64,sec=Linf]/L2[chunks=1@0,eor=0,in=31886400,out=14678016;witness=ET,s=-,h=-,partial=-,quotient=-,src=legacy,dA=64,sec=Linf]/L3[chunks=1@0,eor=0,in=14678016,out=2017856;witness=ET,s=-,h=-,partial=-,quotient=-,src=legacy,dA=64,sec=Linf]/L4[chunks=1@0,eor=0,in=2017856,out=484864;witness=ET,s=-,h=-,partial=-,quotient=-,src=legacy,dA=64,sec=L2]/L5[chunks=1@0,eor=0,in=484864,out=255488;witness=ET,s=-,h=-,partial=-,quotient=-,src=legacy,dA=64,sec=L2]/L6[chunks=1@0,eor=0,in=255488,out=128768;witness=ET,s=-,h=-,partial=-,quotient=-,src=legacy,dA=64,sec=L2]/T[method=ET,src=legacy,eor=0,input=128768,dA=64,sec=L2]	cutover=L5;L0[chunks=1@0,rel=quotient,qrm=0,cqrm=0,eor=0,in=68719476736,out=168688064;witness=PACK,s=64,h=8,partial=64,quotient=64,src=canonical,dA=512,sec=Linf]/L1[chunks=1@0,rel=quotient,qrm=0,cqrm=0,eor=0,in=168688064,out=33524224;witness=PACK,s=512,h=1,partial=512,quotient=512,src=canonical,dA=512,sec=Linf;prefix=PACK,s=512,h=1,partial=512,quotient=512,src=canonical,dA=512,sec=Linf]/L2[chunks=1@0,rel=quotient,qrm=0,cqrm=0,eor=0,in=33524224,out=3198528;witness=ET,s=-,h=-,partial=-,quotient=-,src=canonical,dA=64,sec=Linf]/L3[chunks=1@0,rel=quotient,qrm=0,cqrm=0,eor=0,in=3198528,out=981696;witness=ET,s=-,h=-,partial=-,quotient=-,src=canonical,dA=64,sec=Linf]/L4[chunks=1@0,rel=quotient,qrm=0,cqrm=0,eor=0,in=981696,out=419328;witness=ET,s=-,h=-,partial=-,quotient=-,src=canonical,dA=64,sec=Linf]/L5[chunks=1@0,rel=reduced-evaluation,qrm=12288,cqrm=1536,eor=0,in=419328,out=225280;witness=ET,s=-,h=-,partial=-,quotient=-,src=canonical,dA=64,sec=L2]/L6[chunks=1@0,rel=reduced-evaluation,qrm=9984,cqrm=0,eor=0,in=225280,out=112128;witness=ET,s=-,h=-,partial=-,quotient=-,src=canonical,dA=64,sec=L2]/T[method=ET,src=canonical,eor=0,input=112128,dA=64,sec=L2]
fp128_onehot_recursive_multi_chunk_w8r2	changed	final=32:2;precommitted=16:1,16:1	79efd1b36cd885cf22e76b97e3a75d1f4fdd04482251c6c70fb5dcd4c7025055	9c3b6d7e59da0403b4504446476fffb071445589045659f3a0d01925c8da3229	16777216	8388608	8388608	4194304	81368	77563	8	8	57b3f8d83f95816ae8bff6c0f79089b056fb5a86f7e11fd6d6b3ba450b85c92a	6559a1664af0f717b54c4fc0f379d2e6fec2724bed8eef60051fce8bf71c8e34	L0[chunks=8@2,eor=0,in=4294967296,out=107923264;witness=ET,s=-,h=-,partial=-,quotient=-,src=legacy,dA=64,sec=Linf]/L1[chunks=8@2,eor=0,in=107923264,out=61103424;witness=ET,s=-,h=-,partial=-,quotient=-,src=legacy,dA=64,sec=Linf]/L2[chunks=1@0,eor=0,in=61103424,out=16527360;witness=ET,s=-,h=-,partial=-,quotient=-,src=legacy,dA=64,sec=Linf]/L3[chunks=1@0,eor=0,in=16527360,out=1971072;witness=ET,s=-,h=-,partial=-,quotient=-,src=legacy,dA=64,sec=L2]/L4[chunks=1@0,eor=0,in=1971072,out=484864;witness=ET,s=-,h=-,partial=-,quotient=-,src=legacy,dA=64,sec=L2]/L5[chunks=1@0,eor=0,in=484864,out=255488;witness=ET,s=-,h=-,partial=-,quotient=-,src=legacy,dA=64,sec=L2]/L6[chunks=1@0,eor=0,in=255488,out=128768;witness=ET,s=-,h=-,partial=-,quotient=-,src=legacy,dA=64,sec=L2]/T[method=ET,src=legacy,eor=0,input=128768,dA=64,sec=L2]	cutover=L3;L0[chunks=8@2,rel=quotient,qrm=0,cqrm=0,eor=0,in=4294967296,out=153489920;witness=PACK,s=64,h=4,partial=64,quotient=64,src=canonical,dA=256,sec=Linf;pre0=PACK,s=64,h=8,partial=64,quotient=64,src=canonical,dA=512,sec=Linf;pre1=PACK,s=128,h=4,partial=128,quotient=128,src=canonical,dA=512,sec=Linf]/L1[chunks=8@2,rel=quotient,qrm=0,cqrm=0,eor=0,in=153489920,out=32610560;witness=PACK,s=64,h=2,partial=64,quotient=64,src=canonical,dA=128,sec=Linf;prefix=PACK,s=64,h=2,partial=64,quotient=64,src=canonical,dA=128,sec=Linf]/L2[chunks=1@0,rel=quotient,qrm=0,cqrm=0,eor=0,in=32610560,out=2385408;witness=ET,s=-,h=-,partial=-,quotient=-,src=canonical,dA=64,sec=Linf]/L3[chunks=1@0,rel=reduced-evaluation,qrm=16384,cqrm=1536,eor=0,in=2385408,out=647168;witness=ET,s=-,h=-,partial=-,quotient=-,src=canonical,dA=64,sec=Linf]/L4[chunks=1@0,rel=reduced-evaluation,qrm=14336,cqrm=1536,eor=0,in=647168,out=323584;witness=ET,s=-,h=-,partial=-,quotient=-,src=canonical,dA=64,sec=Linf]/L5[chunks=1@0,rel=reduced-evaluation,qrm=14336,cqrm=1536,eor=0,in=323584,out=221184;witness=ET,s=-,h=-,partial=-,quotient=-,src=canonical,dA=64,sec=Linf]/L6[chunks=1@0,rel=reduced-evaluation,qrm=9984,cqrm=0,eor=0,in=221184,out=112128;witness=ET,s=-,h=-,partial=-,quotient=-,src=canonical,dA=64,sec=L2]/T[method=ET,src=canonical,eor=0,input=112128,dA=64,sec=L2]
fp128_onehot_recursive_multi_chunk_w8r2	added	final=34:2;precommitted=16:1,16:1	-	9e2709e34fb0f246bb48208d5ad95d0900ea183f3651ed123f9e9d56622b517a	-	16777216	-	4194304	-	79747	-	8	-	e282569a864f7f74308b08248312d2c801ea5fe163b2b15ebdd886a645f62c1f	-	cutover=L4;L0[chunks=8@2,rel=quotient,qrm=0,cqrm=0,eor=0,in=17179869184,out=306058752;witness=PACK,s=64,h=4,partial=64,quotient=64,src=canonical,dA=256,sec=Linf;pre0=PACK,s=512,h=1,partial=512,quotient=512,src=canonical,dA=512,sec=Linf;pre1=PACK,s=512,h=1,partial=512,quotient=512,src=canonical,dA=512,sec=Linf]/L1[chunks=8@2,rel=quotient,qrm=0,cqrm=0,eor=0,in=306058752,out=46219520;witness=PACK,s=64,h=1,partial=64,quotient=64,src=canonical,dA=64,sec=Linf;prefix=PACK,s=64,h=1,partial=64,quotient=64,src=canonical,dA=64,sec=Linf]/L2[chunks=1@0,rel=quotient,qrm=0,cqrm=0,eor=0,in=46219520,out=8892672;witness=ET,s=-,h=-,partial=-,quotient=-,src=canonical,dA=64,sec=Linf;prefix=ET,s=-,h=-,partial=-,quotient=-,src=canonical,dA=64,sec=Linf]/L3[chunks=1@0,rel=quotient,qrm=0,cqrm=0,eor=0,in=8892672,out=1242624;witness=ET,s=-,h=-,partial=-,quotient=-,src=canonical,dA=64,sec=Linf]/L4[chunks=1@0,rel=reduced-evaluation,qrm=14336,cqrm=1536,eor=0,in=1242624,out=411648;witness=ET,s=-,h=-,partial=-,quotient=-,src=canonical,dA=64,sec=L2]/L5[chunks=1@0,rel=reduced-evaluation,qrm=12288,cqrm=1536,eor=0,in=411648,out=225280;witness=ET,s=-,h=-,partial=-,quotient=-,src=canonical,dA=64,sec=L2]/L6[chunks=1@0,rel=reduced-evaluation,qrm=9984,cqrm=0,eor=0,in=225280,out=112128;witness=ET,s=-,h=-,partial=-,quotient=-,src=canonical,dA=64,sec=L2]/T[method=ET,src=canonical,eor=0,input=112128,dA=64,sec=L2]
fp32_dense	changed	final=20:1;precommitted=	7e615f063166da9e18d6e9eacc305f7128e85099f64b8b48278e935e02e876fe	7e615f063166da9e18d6e9eacc305f7128e85099f64b8b48278e935e02e876fe	360448	458752	524288	131072	67376	62447	6	6	3b401da0dcc2818f7b79295eacdc074a6ca482b49ce96d2ada9ea883c105f1ea	5bfc855b58923ab15289246ffbb8dc495f948746bed27253cad930458b211650	L0[chunks=1@0,eor=656,in=1048576,out=1661952;witness=ET,s=-,h=-,partial=-,quotient=-,src=legacy,dA=512,sec=Linf]/L1[chunks=1@0,eor=688,in=1661952,out=398592;witness=ET,s=-,h=-,partial=-,quotient=-,src=legacy,dA=256,sec=Linf]/L2[chunks=1@0,eor=624,in=398592,out=187008;witness=ET,s=-,h=-,partial=-,quotient=-,src=legacy,dA=128,sec=Linf]/L3[chunks=1@0,eor=592,in=187008,out=111616;witness=ET,s=-,h=-,partial=-,quotient=-,src=legacy,dA=128,sec=L2]/L4[chunks=1@0,eor=560,in=111616,out=78848;witness=ET,s=-,h=-,partial=-,quotient=-,src=legacy,dA=128,sec=L2]/T[method=ET,src=legacy,eor=560,input=78848,dA=128,sec=L2]	cutover=L2;L0[chunks=1@0,rel=quotient,qrm=0,cqrm=0,eor=0,in=1048576,out=1728064;witness=PACK,s=64,h=8,partial=256,quotient=256,src=canonical,dA=2048,sec=Linf]/L1[chunks=1@0,rel=quotient,qrm=0,cqrm=0,eor=0,in=1728064,out=954368;witness=PACK,s=256,h=1,partial=1024,quotient=1024,src=canonical,dA=1024,sec=Linf]/L2[chunks=1@0,rel=reduced-evaluation,qrm=10752,cqrm=1344,eor=656,in=954368,out=259072;witness=ET,s=-,h=-,partial=-,quotient=-,src=tensor-k4,dA=128,sec=Linf]/L3[chunks=1@0,rel=reduced-evaluation,qrm=9984,cqrm=1152,eor=592,in=259072,out=141312;witness=ET,s=-,h=-,partial=-,quotient=-,src=tensor-k4,dA=128,sec=Linf]/L4[chunks=1@0,rel=reduced-evaluation,qrm=8448,cqrm=0,eor=592,in=141312,out=81152;witness=ET,s=-,h=-,partial=-,quotient=-,src=tensor-k4,dA=128,sec=L2]/T[method=ET,src=tensor-k4,eor=560,input=81152,dA=128,sec=L2]
fp32_dense	changed	final=20:1;precommitted=20:1	c2666377573ecdaa36c13bc5b5a5d1d6565067ea6a2530b56b15d2ed2f012d55	cc89c57253c893e646eefb719810713c18f0ea8c698d777cf2a7265361a3ff2c	540672	524288	1048576	262144	68368	63254	6	6	06cf601abad2da11f62e62c74cd85b6d6ff2984fb3906f5d8d234a0ad260dfb9	0c13f27d30498a1f82ec16882494fa374580db7b4f9a64567cfcaa57773a3cd7	L0[chunks=1@0,eor=736,in=1048576,out=3126784;witness=ET,s=-,h=-,partial=-,quotient=-,src=legacy,dA=256,sec=Linf]/L1[chunks=1@0,eor=720,in=3126784,out=1013504;witness=ET,s=-,h=-,partial=-,quotient=-,src=legacy,dA=256,sec=Linf]/L2[chunks=1@0,eor=656,in=1013504,out=278400;witness=ET,s=-,h=-,partial=-,quotient=-,src=legacy,dA=128,sec=Linf]/L3[chunks=1@0,eor=624,in=278400,out=144000;witness=ET,s=-,h=-,partial=-,quotient=-,src=legacy,dA=128,sec=L2]/L4[chunks=1@0,eor=592,in=144000,out=89600;witness=ET,s=-,h=-,partial=-,quotient=-,src=legacy,dA=128,sec=L2]/T[method=ET,src=legacy,eor=560,input=89600,dA=128,sec=L2]	cutover=L2;L0[chunks=1@0,rel=quotient,qrm=0,cqrm=0,eor=0,in=1048576,out=3399680;witness=PACK,s=64,h=4,partial=256,quotient=256,src=canonical,dA=1024,sec=Linf;pre0=PACK,s=64,h=8,partial=256,quotient=256,src=canonical,dA=2048,sec=Linf]/L1[chunks=1@0,rel=quotient,qrm=0,cqrm=0,eor=0,in=3399680,out=1041792;witness=PACK,s=128,h=1,partial=512,quotient=512,src=canonical,dA=512,sec=Linf]/L2[chunks=1@0,rel=reduced-evaluation,qrm=9984,cqrm=1152,eor=656,in=1041792,out=262144;witness=ET,s=-,h=-,partial=-,quotient=-,src=tensor-k4,dA=128,sec=Linf]/L3[chunks=1@0,rel=reduced-evaluation,qrm=9984,cqrm=1152,eor=592,in=262144,out=141312;witness=ET,s=-,h=-,partial=-,quotient=-,src=tensor-k4,dA=128,sec=Linf]/L4[chunks=1@0,rel=reduced-evaluation,qrm=8448,cqrm=0,eor=592,in=141312,out=81152;witness=ET,s=-,h=-,partial=-,quotient=-,src=tensor-k4,dA=128,sec=L2]/T[method=ET,src=tensor-k4,eor=560,input=81152,dA=128,sec=L2]
fp32_dense	changed	final=26:1;precommitted=	c93e949f727a2db762f7dbfe2fcdcdc29cf0a3b5fd10f76b3019de436810bc9b	c93e949f727a2db762f7dbfe2fcdcdc29cf0a3b5fd10f76b3019de436810bc9b	2883584	1310720	4194304	1048576	70196	65031	7	6	702dbe3d761e6cd315388a9d3e7d4ef8c91156a958fd7487a9dc7a24d04d1905	0c08c0a5740fcb979d8de2580e994b718a1197bd8fb845fe4a0132634b455b53	L0[chunks=1@0,eor=848,in=67108864,out=16205824;witness=ET,s=-,h=-,partial=-,quotient=-,src=legacy,dA=512,sec=Linf]/L1[chunks=1@0,eor=784,in=16205824,out=1958400;witness=ET,s=-,h=-,partial=-,quotient=-,src=legacy,dA=128,sec=Linf]/L2[chunks=1@0,eor=688,in=1958400,out=540160;witness=ET,s=-,h=-,partial=-,quotient=-,src=legacy,dA=128,sec=Linf]/L3[chunks=1@0,eor=656,in=540160,out=228224;witness=ET,s=-,h=-,partial=-,quotient=-,src=legacy,dA=128,sec=Linf]/L4[chunks=1@0,eor=592,in=228224,out=111616;witness=ET,s=-,h=-,partial=-,quotient=-,src=legacy,dA=128,sec=L2]/L5[chunks=1@0,eor=560,in=111616,out=78848;witness=ET,s=-,h=-,partial=-,quotient=-,src=legacy,dA=128,sec=L2]/T[method=ET,src=legacy,eor=560,input=78848,dA=128,sec=L2]	cutover=L2;L0[chunks=1@0,rel=quotient,qrm=0,cqrm=0,eor=0,in=67108864,out=12910144;witness=PACK,s=64,h=8,partial=256,quotient=256,src=canonical,dA=2048,sec=Linf]/L1[chunks=1@0,rel=quotient,qrm=0,cqrm=0,eor=0,in=12910144,out=1439232;witness=PACK,s=64,h=1,partial=256,quotient=256,src=canonical,dA=256,sec=Linf]/L2[chunks=1@0,rel=reduced-evaluation,qrm=13312,cqrm=1536,eor=688,in=1439232,out=419840;witness=ET,s=-,h=-,partial=-,quotient=-,src=tensor-k4,dA=128,sec=Linf]/L3[chunks=1@0,rel=reduced-evaluation,qrm=9856,cqrm=0,eor=624,in=419840,out=147072;witness=ET,s=-,h=-,partial=-,quotient=-,src=tensor-k4,dA=128,sec=L2]/L4[chunks=1@0,rel=reduced-evaluation,qrm=8448,cqrm=0,eor=592,in=147072,out=81152;witness=ET,s=-,h=-,partial=-,quotient=-,src=tensor-k4,dA=128,sec=L2]/T[method=ET,src=tensor-k4,eor=560,input=81152,dA=128,sec=L2]
fp32_dense	added	final=28:1;precommitted=	-	a46de3bb37f42fa48a71b95f2322aad4c4e9c8626b40c631cd6537cb251072a1	-	2621440	-	4194304	-	66456	-	7	-	2b9a08027f1d0aa92f7a5a5a556fe31b2a31df7fe2207ed1f203ef2185f3ca76	-	cutover=L3;L0[chunks=1@0,rel=quotient,qrm=0,cqrm=0,eor=0,in=268435456,out=28835392;witness=PACK,s=64,h=8,partial=256,quotient=256,src=canonical,dA=2048,sec=Linf]/L1[chunks=1@0,rel=quotient,qrm=0,cqrm=0,eor=0,in=28835392,out=3654656;witness=PACK,s=256,h=1,partial=1024,quotient=1024,src=canonical,dA=1024,sec=Linf]/L2[chunks=1@0,rel=quotient,qrm=0,cqrm=0,eor=720,in=3654656,out=914560;witness=ET,s=-,h=-,partial=-,quotient=-,src=tensor-k4,dA=128,sec=Linf]/L3[chunks=1@0,rel=reduced-evaluation,qrm=10752,cqrm=1344,eor=656,in=914560,out=251904;witness=ET,s=-,h=-,partial=-,quotient=-,src=tensor-k4,dA=128,sec=Linf]/L4[chunks=1@0,rel=reduced-evaluation,qrm=9984,cqrm=1152,eor=592,in=251904,out=141312;witness=ET,s=-,h=-,partial=-,quotient=-,src=tensor-k4,dA=128,sec=Linf]/L5[chunks=1@0,rel=reduced-evaluation,qrm=8448,cqrm=0,eor=592,in=141312,out=81152;witness=ET,s=-,h=-,partial=-,quotient=-,src=tensor-k4,dA=128,sec=L2]/T[method=ET,src=tensor-k4,eor=560,input=81152,dA=128,sec=L2]
fp32_dense	added	final=30:1;precommitted=	-	0661c6ea7796b195873f4f0afc34e1f8ab8b773648907a24b0f5110247bb10d2	-	5242880	-	8388608	-	66570	-	7	-	768c3a2a812753e28f33850fcb9149196a948b663edafb9cdd09db4210e99e91	-	cutover=L3;L0[chunks=1@0,rel=quotient,qrm=0,cqrm=0,eor=0,in=1073741824,out=57540160;witness=PACK,s=64,h=8,partial=256,quotient=256,src=canonical,dA=2048,sec=Linf]/L1[chunks=1@0,rel=quotient,qrm=0,cqrm=0,eor=0,in=57540160,out=4077888;witness=PACK,s=64,h=1,partial=256,quotient=256,src=canonical,dA=256,sec=Linf]/L2[chunks=1@0,rel=quotient,qrm=0,cqrm=0,eor=720,in=4077888,out=965248;witness=ET,s=-,h=-,partial=-,quotient=-,src=tensor-k4,dA=128,sec=Linf]/L3[chunks=1@0,rel=reduced-evaluation,qrm=10752,cqrm=1344,eor=656,in=965248,out=259072;witness=ET,s=-,h=-,partial=-,quotient=-,src=tensor-k4,dA=128,sec=Linf]/L4[chunks=1@0,rel=reduced-evaluation,qrm=9984,cqrm=1152,eor=592,in=259072,out=141312;witness=ET,s=-,h=-,partial=-,quotient=-,src=tensor-k4,dA=128,sec=Linf]/L5[chunks=1@0,rel=reduced-evaluation,qrm=8448,cqrm=0,eor=592,in=141312,out=81152;witness=ET,s=-,h=-,partial=-,quotient=-,src=tensor-k4,dA=128,sec=L2]/T[method=ET,src=tensor-k4,eor=560,input=81152,dA=128,sec=L2]
fp32_onehot	changed	final=14:1;precommitted=	235fdc37cb4e83e243a17cafde8597967ef2316443a2656dee73a57dc55cac8e	235fdc37cb4e83e243a17cafde8597967ef2316443a2656dee73a57dc55cac8e	131072	98304	65536	16384	57961	39048	4	2	dca369fd122b9bae103974afd47ca8a2f78c420d21aeb2abbc7f1f38ec35f691	39332ec6f4cf538501f5d162e09f1357d8985b2bb494dde93f377dea9cfba74f	L0[chunks=1@0,eor=464,in=16384,out=128256;witness=ET,s=-,h=-,partial=-,quotient=-,src=legacy,dA=512,sec=Linf]/L1[chunks=1@0,eor=560,in=128256,out=122752;witness=ET,s=-,h=-,partial=-,quotient=-,src=legacy,dA=128,sec=Linf]/L2[chunks=1@0,eor=560,in=122752,out=98048;witness=ET,s=-,h=-,partial=-,quotient=-,src=legacy,dA=128,sec=Linf]/T[method=ET,src=legacy,eor=560,input=98048,dA=128,sec=L2]	cutover=none;L0[chunks=1@0,rel=quotient,qrm=0,cqrm=0,eor=0,in=16384,out=67456;witness=PACK,s=128,h=1,partial=512,quotient=512,src=canonical,dA=512,sec=Linf]/T[method=ET,src=tensor-k4,eor=560,input=67456,dA=128,sec=Linf]
fp32_onehot	changed	final=16:1;precommitted=	619d5acd56307a5aff5911635e36969a167028482b33cc55f9f90598a55554be	619d5acd56307a5aff5911635e36969a167028482b33cc55f9f90598a55554be	114688	212992	131072	16384	58509	55580	4	2	4bba501ca4a774323b69688efae4d6a2aa40c05bf911c9337aac6a3caa6a557f	d840aad3f002cb8712816b13a3e64022b734d2292a77914220404acf1315dc8c	L0[chunks=1@0,eor=528,in=65536,out=127744;witness=ET,s=-,h=-,partial=-,quotient=-,src=legacy,dA=256,sec=Linf]/L1[chunks=1@0,eor=560,in=127744,out=127488;witness=ET,s=-,h=-,partial=-,quotient=-,src=legacy,dA=256,sec=Linf]/L2[chunks=1@0,eor=560,in=127488,out=100864;witness=ET,s=-,h=-,partial=-,quotient=-,src=legacy,dA=128,sec=Linf]/T[method=ET,src=legacy,eor=560,input=100864,dA=128,sec=L2]	cutover=none;L0[chunks=1@0,rel=quotient,qrm=0,cqrm=0,eor=0,in=65536,out=136896;witness=PACK,s=64,h=4,partial=256,quotient=256,src=canonical,dA=1024,sec=Linf]/T[method=ET,src=tensor-k4,eor=592,input=136896,dA=64,sec=Linf]
fp32_onehot	changed	final=16:2;precommitted=	1d3119b577401489425a46a52a8368829ffee0287db544156fcb790c4c1190e1	1d3119b577401489425a46a52a8368829ffee0287db544156fcb790c4c1190e1	131072	131072	131072	32768	58105	56023	4	5	9865b75600f8b6b5815b584482d36a0217ba58a764349ecb0db7cbb61936290f	0d551c795e1fadf3b1029af0c963da76b63a468e8e7b69145da436fc9c5e8b3e	L0[chunks=1@0,eor=608,in=65536,out=126080;witness=ET,s=-,h=-,partial=-,quotient=-,src=legacy,dA=128,sec=Linf]/L1[chunks=1@0,eor=560,in=126080,out=122752;witness=ET,s=-,h=-,partial=-,quotient=-,src=legacy,dA=128,sec=Linf]/L2[chunks=1@0,eor=560,in=122752,out=98048;witness=ET,s=-,h=-,partial=-,quotient=-,src=legacy,dA=128,sec=Linf]/T[method=ET,src=legacy,eor=560,input=98048,dA=128,sec=L2]	cutover=L2;L0[chunks=1@0,rel=quotient,qrm=0,cqrm=0,eor=0,in=65536,out=158656;witness=PACK,s=64,h=4,partial=256,quotient=256,src=canonical,dA=1024,sec=Linf]/L1[chunks=1@0,rel=quotient,qrm=0,cqrm=0,eor=0,in=158656,out=144704;witness=PACK,s=64,h=1,partial=256,quotient=256,src=canonical,dA=256,sec=Linf]/L2[chunks=1@0,rel=reduced-evaluation,qrm=9984,cqrm=0,eor=592,in=144704,out=94976;witness=ET,s=-,h=-,partial=-,quotient=-,src=tensor-k4,dA=128,sec=Linf]/L3[chunks=1@0,rel=reduced-evaluation,qrm=8448,cqrm=0,eor=560,in=94976,out=65024;witness=ET,s=-,h=-,partial=-,quotient=-,src=tensor-k4,dA=128,sec=L2]/T[method=ET,src=tensor-k4,eor=528,input=65024,dA=128,sec=L2]
fp32_onehot	changed	final=20:1;precommitted=	7e615f063166da9e18d6e9eacc305f7128e85099f64b8b48278e935e02e876fe	7e615f063166da9e18d6e9eacc305f7128e85099f64b8b48278e935e02e876fe	229376	262144	262144	65536	62023	58961	5	5	0135f94e9911394ba633e0d3750a5c8e8492eae7233ac1ed39a0d975be86a496	33d025b07de2370f1c74e4ed8f8bcbcd0782099b95c446e0eb1a47707dbc5f5b	L0[chunks=1@0,eor=656,in=1048576,out=350976;witness=ET,s=-,h=-,partial=-,quotient=-,src=legacy,dA=256,sec=Linf]/L1[chunks=1@0,eor=624,in=350976,out=261888;witness=ET,s=-,h=-,partial=-,quotient=-,src=legacy,dA=256,sec=Linf]/L2[chunks=1@0,eor=592,in=261888,out=216960;witness=ET,s=-,h=-,partial=-,quotient=-,src=legacy,dA=128,sec=Linf]/L3[chunks=1@0,eor=592,in=216960,out=112128;witness=ET,s=-,h=-,partial=-,quotient=-,src=legacy,dA=128,sec=L2]/T[method=ET,src=legacy,eor=560,input=112128,dA=128,sec=L2]	cutover=L2;L0[chunks=1@0,rel=quotient,qrm=0,cqrm=0,eor=0,in=1048576,out=469696;witness=PACK,s=64,h=4,partial=256,quotient=256,src=canonical,dA=1024,sec=Linf]/L1[chunks=1@0,rel=quotient,qrm=0,cqrm=0,eor=0,in=469696,out=237120;witness=PACK,s=64,h=1,partial=256,quotient=256,src=canonical,dA=256,sec=Linf]/L2[chunks=1@0,rel=reduced-evaluation,qrm=9984,cqrm=1152,eor=592,in=237120,out=141312;witness=ET,s=-,h=-,partial=-,quotient=-,src=tensor-k4,dA=128,sec=Linf]/L3[chunks=1@0,rel=reduced-evaluation,qrm=8448,cqrm=0,eor=592,in=141312,out=81152;witness=ET,s=-,h=-,partial=-,quotient=-,src=tensor-k4,dA=128,sec=L2]/T[method=ET,src=tensor-k4,eor=560,input=81152,dA=128,sec=L2]
fp32_onehot	changed	final=20:1;precommitted=14:1	0888ba871de1a9630842584143a81ddf542c5a9729027d309665301d4436a470	2434773fa6279370c1fdb62ff8b4fa7a9e907684701cde45c8e575713d847ac2	229376	262144	262144	65536	64140	59076	5	5	611ba9afd2d0469803a17d03c9f3684d908dd1e35ba776e32c0d58a81e90ed1c	eac99517a2c7468e8f19a92a43da5850a734e0eeb58f631ca2c038e789324fa1	L0[chunks=1@0,eor=736,in=1048576,out=470528;witness=ET,s=-,h=-,partial=-,quotient=-,src=legacy,dA=256,sec=Linf]/L1[chunks=1@0,eor=624,in=470528,out=288256;witness=ET,s=-,h=-,partial=-,quotient=-,src=legacy,dA=256,sec=Linf]/L2[chunks=1@0,eor=624,in=288256,out=162688;witness=ET,s=-,h=-,partial=-,quotient=-,src=legacy,dA=128,sec=Linf]/L3[chunks=1@0,eor=592,in=162688,out=94592;witness=ET,s=-,h=-,partial=-,quotient=-,src=legacy,dA=64,sec=L2]/T[method=ET,src=legacy,eor=560,input=94592,dA=64,sec=L2]	cutover=L2;L0[chunks=1@0,rel=quotient,qrm=0,cqrm=0,eor=0,in=1048576,out=529408;witness=PACK,s=64,h=4,partial=256,quotient=256,src=canonical,dA=1024,sec=Linf;pre0=PACK,s=128,h=1,partial=512,quotient=512,src=canonical,dA=512,sec=Linf]/L1[chunks=1@0,rel=quotient,qrm=0,cqrm=0,eor=0,in=529408,out=256064;witness=PACK,s=64,h=1,partial=256,quotient=256,src=canonical,dA=256,sec=Linf]/L2[chunks=1@0,rel=reduced-evaluation,qrm=9984,cqrm=1152,eor=592,in=256064,out=141312;witness=ET,s=-,h=-,partial=-,quotient=-,src=tensor-k4,dA=128,sec=Linf]/L3[chunks=1@0,rel=reduced-evaluation,qrm=8448,cqrm=0,eor=592,in=141312,out=81152;witness=ET,s=-,h=-,partial=-,quotient=-,src=tensor-k4,dA=128,sec=L2]/T[method=ET,src=tensor-k4,eor=560,input=81152,dA=128,sec=L2]
fp32_onehot	changed	final=28:1;precommitted=	a46de3bb37f42fa48a71b95f2322aad4c4e9c8626b40c631cd6537cb251072a1	a46de3bb37f42fa48a71b95f2322aad4c4e9c8626b40c631cd6537cb251072a1	2097152	1048576	2097152	1048576	69940	63757	7	6	e325c5f8892154d852a5d25f870bdf3da5394403fd3062bcfa87625c9b0d1050	81adb5f62851d62e75cc9ef5c802a96188d0779cdef27c9b3adec3117cbb55a9	L0[chunks=1@0,eor=912,in=268435456,out=7527424;witness=ET,s=-,h=-,partial=-,quotient=-,src=legacy,dA=512,sec=Linf]/L1[chunks=1@0,eor=752,in=7527424,out=1394432;witness=ET,s=-,h=-,partial=-,quotient=-,src=legacy,dA=256,sec=Linf]/L2[chunks=1@0,eor=688,in=1394432,out=458240;witness=ET,s=-,h=-,partial=-,quotient=-,src=legacy,dA=128,sec=Linf]/L3[chunks=1@0,eor=624,in=458240,out=213888;witness=ET,s=-,h=-,partial=-,quotient=-,src=legacy,dA=128,sec=Linf]/L4[chunks=1@0,eor=592,in=213888,out=111616;witness=ET,s=-,h=-,partial=-,quotient=-,src=legacy,dA=128,sec=L2]/L5[chunks=1@0,eor=560,in=111616,out=78848;witness=ET,s=-,h=-,partial=-,quotient=-,src=legacy,dA=128,sec=L2]/T[method=ET,src=legacy,eor=560,input=78848,dA=128,sec=L2]	cutover=L2;L0[chunks=1@0,rel=quotient,qrm=0,cqrm=0,eor=0,in=268435456,out=6825536;witness=PACK,s=64,h=4,partial=256,quotient=256,src=canonical,dA=1024,sec=Linf]/L1[chunks=1@0,rel=quotient,qrm=0,cqrm=0,eor=0,in=6825536,out=1497920;witness=PACK,s=64,h=1,partial=256,quotient=256,src=canonical,dA=256,sec=Linf]/L2[chunks=1@0,rel=reduced-evaluation,qrm=10752,cqrm=1344,eor=688,in=1497920,out=316416;witness=ET,s=-,h=-,partial=-,quotient=-,src=tensor-k4,dA=128,sec=Linf]/L3[chunks=1@0,rel=reduced-evaluation,qrm=8448,cqrm=1152,eor=624,in=316416,out=139776;witness=ET,s=-,h=-,partial=-,quotient=-,src=tensor-k4,dA=128,sec=L2]/L4[chunks=1@0,rel=reduced-evaluation,qrm=8448,cqrm=0,eor=592,in=139776,out=81152;witness=ET,s=-,h=-,partial=-,quotient=-,src=tensor-k4,dA=128,sec=L2]/T[method=ET,src=tensor-k4,eor=560,input=81152,dA=128,sec=L2]
fp32_onehot	changed	final=30:1;precommitted=	0661c6ea7796b195873f4f0afc34e1f8ab8b773648907a24b0f5110247bb10d2	0661c6ea7796b195873f4f0afc34e1f8ab8b773648907a24b0f5110247bb10d2	4194304	2097152	4194304	2097152	70324	66222	7	7	0c86dcbbad48ed802e4c24fe188113d9c639061584ad8d557a288ba5f48d626e	fe540a5dea61427d791629ab8acd88df3c7fd4fef7af9967b496a982c0026a6b	L0[chunks=1@0,eor=976,in=1073741824,out=14998528;witness=ET,s=-,h=-,partial=-,quotient=-,src=legacy,dA=512,sec=Linf]/L1[chunks=1@0,eor=784,in=14998528,out=2073856;witness=ET,s=-,h=-,partial=-,quotient=-,src=legacy,dA=256,sec=Linf]/L2[chunks=1@0,eor=688,in=2073856,out=560640;witness=ET,s=-,h=-,partial=-,quotient=-,src=legacy,dA=128,sec=Linf]/L3[chunks=1@0,eor=656,in=560640,out=228224;witness=ET,s=-,h=-,partial=-,quotient=-,src=legacy,dA=128,sec=Linf]/L4[chunks=1@0,eor=592,in=228224,out=111616;witness=ET,s=-,h=-,partial=-,quotient=-,src=legacy,dA=128,sec=L2]/L5[chunks=1@0,eor=560,in=111616,out=78848;witness=ET,s=-,h=-,partial=-,quotient=-,src=legacy,dA=128,sec=L2]/T[method=ET,src=legacy,eor=560,input=78848,dA=128,sec=L2]	cutover=L2;L0[chunks=1@0,rel=quotient,qrm=0,cqrm=0,eor=0,in=1073741824,out=21495360;witness=PACK,s=64,h=8,partial=256,quotient=256,src=canonical,dA=2048,sec=Linf]/L1[chunks=1@0,rel=quotient,qrm=0,cqrm=0,eor=0,in=21495360,out=1863168;witness=PACK,s=64,h=1,partial=256,quotient=256,src=canonical,dA=256,sec=Linf]/L2[chunks=1@0,rel=reduced-evaluation,qrm=13312,cqrm=1536,eor=688,in=1863168,out=484352;witness=ET,s=-,h=-,partial=-,quotient=-,src=tensor-k4,dA=128,sec=Linf]/L3[chunks=1@0,rel=reduced-evaluation,qrm=13312,cqrm=1536,eor=624,in=484352,out=257024;witness=ET,s=-,h=-,partial=-,quotient=-,src=tensor-k4,dA=128,sec=Linf]/L4[chunks=1@0,rel=reduced-evaluation,qrm=10752,cqrm=1344,eor=592,in=257024,out=143360;witness=ET,s=-,h=-,partial=-,quotient=-,src=tensor-k4,dA=128,sec=Linf]/L5[chunks=1@0,rel=reduced-evaluation,qrm=8448,cqrm=0,eor=592,in=143360,out=81152;witness=ET,s=-,h=-,partial=-,quotient=-,src=tensor-k4,dA=128,sec=L2]/T[method=ET,src=tensor-k4,eor=560,input=81152,dA=128,sec=L2]
fp32_onehot	added	final=34:1;precommitted=	-	66a207dd2ca7efff383d2cbfb09722aa71c0b3e44ba990a146833ebba9496679	-	8388608	-	8388608	-	67524	-	7	-	2cbc97cce5fa2c111249d20b94eb6a21681209decab898eb8ca9fcee6543ce2a	-	cutover=L3;L0[chunks=1@0,rel=quotient,qrm=0,cqrm=0,eor=0,in=17179869184,out=85589568;witness=PACK,s=64,h=8,partial=256,quotient=256,src=canonical,dA=2048,sec=Linf]/L1[chunks=1@0,rel=quotient,qrm=0,cqrm=0,eor=0,in=85589568,out=4913216;witness=PACK,s=64,h=1,partial=256,quotient=256,src=canonical,dA=256,sec=Linf]/L2[chunks=1@0,rel=quotient,qrm=0,cqrm=0,eor=752,in=4913216,out=1041280;witness=ET,s=-,h=-,partial=-,quotient=-,src=tensor-k4,dA=128,sec=Linf]/L3[chunks=1@0,rel=reduced-evaluation,qrm=9984,cqrm=1152,eor=656,in=1041280,out=262144;witness=ET,s=-,h=-,partial=-,quotient=-,src=tensor-k4,dA=128,sec=Linf]/L4[chunks=1@0,rel=reduced-evaluation,qrm=9984,cqrm=1152,eor=592,in=262144,out=141312;witness=ET,s=-,h=-,partial=-,quotient=-,src=tensor-k4,dA=128,sec=Linf]/L5[chunks=1@0,rel=reduced-evaluation,qrm=8448,cqrm=0,eor=592,in=141312,out=81152;witness=ET,s=-,h=-,partial=-,quotient=-,src=tensor-k4,dA=128,sec=L2]/T[method=ET,src=tensor-k4,eor=560,input=81152,dA=128,sec=L2]
fp64_dense	changed	final=14:1;precommitted=	235fdc37cb4e83e243a17cafde8597967ef2316443a2656dee73a57dc55cac8e	235fdc37cb4e83e243a17cafde8597967ef2316443a2656dee73a57dc55cac8e	131072	262144	131072	32768	65404	62120	5	5	3db29805926410b6dea2ad89892c1a90dcc8bf381e23dd028d26573a4bf4c31f	eec48dfeb39a2439fabdb51dc8eda406f53db60c8921d841b751be3661aa064f	L0[chunks=1@0,eor=464,in=16384,out=255936;witness=ET,s=-,h=-,partial=-,quotient=-,src=legacy,dA=128,sec=Linf]/L1[chunks=1@0,eor=592,in=255936,out=165504;witness=ET,s=-,h=-,partial=-,quotient=-,src=legacy,dA=128,sec=Linf]/L2[chunks=1@0,eor=592,in=165504,out=111616;witness=ET,s=-,h=-,partial=-,quotient=-,src=legacy,dA=64,sec=Linf]/L3[chunks=1@0,eor=560,in=111616,out=80640;witness=ET,s=-,h=-,partial=-,quotient=-,src=legacy,dA=64,sec=L2]/T[method=ET,src=legacy,eor=560,input=80640,dA=64,sec=L2]	cutover=L2;L0[chunks=1@0,rel=quotient,qrm=0,cqrm=0,eor=0,in=16384,out=291520;witness=PACK,s=64,h=4,partial=128,quotient=128,src=canonical,dA=512,sec=Linf]/L1[chunks=1@0,rel=quotient,qrm=0,cqrm=0,eor=0,in=291520,out=289984;witness=PACK,s=128,h=1,partial=256,quotient=256,src=canonical,dA=256,sec=Linf]/L2[chunks=1@0,rel=reduced-evaluation,qrm=16896,cqrm=2112,eor=624,in=289984,out=261504;witness=ET,s=-,h=-,partial=-,quotient=-,src=tensor-k2,dA=64,sec=Linf]/L3[chunks=1@0,rel=reduced-evaluation,qrm=9152,cqrm=0,eor=592,in=261504,out=112128;witness=ET,s=-,h=-,partial=-,quotient=-,src=tensor-k2,dA=64,sec=L2]/T[method=ET,src=tensor-k2,eor=560,input=112128,dA=64,sec=L2]
fp64_dense	changed	final=16:1;precommitted=	619d5acd56307a5aff5911635e36969a167028482b33cc55f9f90598a55554be	619d5acd56307a5aff5911635e36969a167028482b33cc55f9f90598a55554be	229376	262144	262144	65536	68204	64469	5	6	5874b9d08e81709c0b9c9f0392a83ae577dd577be4ba5b87d475856437734c0f	ed8e3cbb39967255f794839dcfe1e859a45d88ff653a2774d07f72d3f90241fe	L0[chunks=1@0,eor=528,in=65536,out=520384;witness=ET,s=-,h=-,partial=-,quotient=-,src=legacy,dA=256,sec=Linf]/L1[chunks=1@0,eor=624,in=520384,out=371392;witness=ET,s=-,h=-,partial=-,quotient=-,src=legacy,dA=256,sec=Linf]/L2[chunks=1@0,eor=624,in=371392,out=155392;witness=ET,s=-,h=-,partial=-,quotient=-,src=legacy,dA=64,sec=Linf]/L3[chunks=1@0,eor=592,in=155392,out=97536;witness=ET,s=-,h=-,partial=-,quotient=-,src=legacy,dA=64,sec=L2]/T[method=ET,src=legacy,eor=560,input=97536,dA=64,sec=L2]	cutover=L2;L0[chunks=1@0,rel=quotient,qrm=0,cqrm=0,eor=0,in=65536,out=548544;witness=PACK,s=64,h=8,partial=128,quotient=128,src=canonical,dA=1024,sec=Linf]/L1[chunks=1@0,rel=quotient,qrm=0,cqrm=0,eor=0,in=548544,out=461120;witness=PACK,s=256,h=1,partial=512,quotient=512,src=canonical,dA=512,sec=Linf]/L2[chunks=1@0,rel=reduced-evaluation,qrm=13312,cqrm=1536,eor=624,in=461120,out=257024;witness=ET,s=-,h=-,partial=-,quotient=-,src=tensor-k2,dA=64,sec=Linf]/L3[chunks=1@0,rel=reduced-evaluation,qrm=10240,cqrm=0,eor=592,in=257024,out=155648;witness=ET,s=-,h=-,partial=-,quotient=-,src=tensor-k2,dA=64,sec=L2]/L4[chunks=1@0,rel=reduced-evaluation,qrm=9152,cqrm=0,eor=592,in=155648,out=94656;witness=ET,s=-,h=-,partial=-,quotient=-,src=tensor-k2,dA=64,sec=L2]/T[method=ET,src=tensor-k2,eor=560,input=94656,dA=64,sec=L2]
fp64_dense	changed	final=20:1;precommitted=	7e615f063166da9e18d6e9eacc305f7128e85099f64b8b48278e935e02e876fe	7e615f063166da9e18d6e9eacc305f7128e85099f64b8b48278e935e02e876fe	360448	589824	524288	262144	71472	67025	6	6	6392429a7af275123f457157f840747ba4d7927620f5adbd58e4699a2294cb5c	7673f39473da845eb18cc3cb924f98882cbc374d1b00b1288c9eb6b1e0cb2592	L0[chunks=1@0,eor=656,in=1048576,out=2268928;witness=ET,s=-,h=-,partial=-,quotient=-,src=legacy,dA=256,sec=Linf]/L1[chunks=1@0,eor=720,in=2268928,out=455680;witness=ET,s=-,h=-,partial=-,quotient=-,src=legacy,dA=128,sec=Linf]/L2[chunks=1@0,eor=624,in=455680,out=195520;witness=ET,s=-,h=-,partial=-,quotient=-,src=legacy,dA=64,sec=Linf]/L3[chunks=1@0,eor=592,in=195520,out=107776;witness=ET,s=-,h=-,partial=-,quotient=-,src=legacy,dA=64,sec=L2]/L4[chunks=1@0,eor=560,in=107776,out=80640;witness=ET,s=-,h=-,partial=-,quotient=-,src=legacy,dA=64,sec=L2]/T[method=ET,src=legacy,eor=560,input=80640,dA=64,sec=L2]	cutover=L2;L0[chunks=1@0,rel=quotient,qrm=0,cqrm=0,eor=0,in=1048576,out=2273856;witness=PACK,s=64,h=8,partial=128,quotient=128,src=canonical,dA=1024,sec=Linf]/L1[chunks=1@0,rel=quotient,qrm=0,cqrm=0,eor=0,in=2273856,out=898624;witness=PACK,s=64,h=1,partial=128,quotient=128,src=canonical,dA=128,sec=Linf]/L2[chunks=1@0,rel=reduced-evaluation,qrm=14336,cqrm=1536,eor=656,in=898624,out=360448;witness=ET,s=-,h=-,partial=-,quotient=-,src=tensor-k2,dA=64,sec=Linf]/L3[chunks=1@0,rel=reduced-evaluation,qrm=10240,cqrm=1536,eor=624,in=360448,out=193536;witness=ET,s=-,h=-,partial=-,quotient=-,src=tensor-k2,dA=64,sec=L2]/L4[chunks=1@0,rel=reduced-evaluation,qrm=9984,cqrm=0,eor=592,in=193536,out=105472;witness=ET,s=-,h=-,partial=-,quotient=-,src=tensor-k2,dA=64,sec=Linf]/T[method=ET,src=tensor-k2,eor=560,input=105472,dA=64,sec=L2]
fp64_dense	changed	final=20:1;precommitted=16:1	f923bbf1bbc1a6e14ed0f9a0af9e22d531e25ec73fb3958fbb8898f7a75d3f27	876aa1a68ecdcf5e7e12b4cec785e23d1d73792fa194ceb4079b110476424805	405504	360448	524288	262144	73312	67720	6	6	b6878ed7a25a146f087c24164a6188850823d71ae7df8560afd873b3ec01e6b0	c25d247465b9976cc609ff7b5dcea391b9021b89e91edf39cb2a2170b55711f4	L0[chunks=1@0,eor=704,in=1048576,out=2780672;witness=ET,s=-,h=-,partial=-,quotient=-,src=legacy,dA=256,sec=Linf]/L1[chunks=1@0,eor=720,in=2780672,out=516864;witness=ET,s=-,h=-,partial=-,quotient=-,src=legacy,dA=256,sec=Linf]/L2[chunks=1@0,eor=624,in=516864,out=188032;witness=ET,s=-,h=-,partial=-,quotient=-,src=legacy,dA=64,sec=Linf]/L3[chunks=1@0,eor=592,in=188032,out=107776;witness=ET,s=-,h=-,partial=-,quotient=-,src=legacy,dA=64,sec=L2]/L4[chunks=1@0,eor=560,in=107776,out=80640;witness=ET,s=-,h=-,partial=-,quotient=-,src=legacy,dA=64,sec=L2]/T[method=ET,src=legacy,eor=560,input=80640,dA=64,sec=L2]	cutover=L3;L0[chunks=1@0,rel=quotient,qrm=0,cqrm=0,eor=0,in=1048576,out=2677760;witness=PACK,s=128,h=4,partial=256,quotient=256,src=canonical,dA=1024,sec=Linf;pre0=PACK,s=64,h=8,partial=128,quotient=128,src=canonical,dA=1024,sec=Linf]/L1[chunks=1@0,rel=quotient,qrm=0,cqrm=0,eor=0,in=2677760,out=720384;witness=PACK,s=128,h=1,partial=256,quotient=256,src=canonical,dA=256,sec=Linf]/L2[chunks=1@0,rel=quotient,qrm=0,cqrm=0,eor=656,in=720384,out=336384;witness=ET,s=-,h=-,partial=-,quotient=-,src=tensor-k2,dA=64,sec=Linf]/L3[chunks=1@0,rel=reduced-evaluation,qrm=10240,cqrm=1536,eor=624,in=336384,out=193536;witness=ET,s=-,h=-,partial=-,quotient=-,src=tensor-k2,dA=64,sec=L2]/L4[chunks=1@0,rel=reduced-evaluation,qrm=9984,cqrm=0,eor=592,in=193536,out=105472;witness=ET,s=-,h=-,partial=-,quotient=-,src=tensor-k2,dA=64,sec=Linf]/T[method=ET,src=tensor-k2,eor=560,input=105472,dA=64,sec=L2]
fp64_dense	changed	final=26:1;precommitted=	c93e949f727a2db762f7dbfe2fcdcdc29cf0a3b5fd10f76b3019de436810bc9b	c93e949f727a2db762f7dbfe2fcdcdc29cf0a3b5fd10f76b3019de436810bc9b	4194304	1441792	4194304	2097152	73444	69614	7	7	4baac12b048711207ad0c0cfca148bc07e46cb3a57509353246ff27b307d40bb	4debb5f6e6b882ce59e487c964e5c20402c42caa4f648fd24ca71c5501ce5793	L0[chunks=1@0,eor=848,in=67108864,out=20854016;witness=ET,s=-,h=-,partial=-,quotient=-,src=legacy,dA=256,sec=Linf]/L1[chunks=1@0,eor=816,in=20854016,out=2217280;witness=ET,s=-,h=-,partial=-,quotient=-,src=legacy,dA=64,sec=Linf]/L2[chunks=1@0,eor=720,in=2217280,out=581120;witness=ET,s=-,h=-,partial=-,quotient=-,src=legacy,dA=64,sec=Linf]/L3[chunks=1@0,eor=656,in=581120,out=280064;witness=ET,s=-,h=-,partial=-,quotient=-,src=legacy,dA=64,sec=L2]/L4[chunks=1@0,eor=624,in=280064,out=190976;witness=ET,s=-,h=-,partial=-,quotient=-,src=legacy,dA=64,sec=L2]/L5[chunks=1@0,eor=592,in=190976,out=109632;witness=ET,s=-,h=-,partial=-,quotient=-,src=legacy,dA=64,sec=L2]/T[method=ET,src=legacy,eor=560,input=109632,dA=64,sec=L2]	cutover=L3;L0[chunks=1@0,rel=quotient,qrm=0,cqrm=0,eor=0,in=67108864,out=20971072;witness=PACK,s=64,h=8,partial=128,quotient=128,src=canonical,dA=1024,sec=Linf]/L1[chunks=1@0,rel=quotient,qrm=0,cqrm=0,eor=0,in=20971072,out=2478400;witness=PACK,s=64,h=1,partial=128,quotient=128,src=canonical,dA=128,sec=Linf]/L2[chunks=1@0,rel=quotient,qrm=0,cqrm=0,eor=720,in=2478400,out=622080;witness=ET,s=-,h=-,partial=-,quotient=-,src=tensor-k2,dA=64,sec=Linf]/L3[chunks=1@0,rel=reduced-evaluation,qrm=13312,cqrm=1536,eor=656,in=622080,out=293888;witness=ET,s=-,h=-,partial=-,quotient=-,src=tensor-k2,dA=64,sec=Linf]/L4[chunks=1@0,rel=reduced-evaluation,qrm=10240,cqrm=0,eor=624,in=293888,out=162816;witness=ET,s=-,h=-,partial=-,quotient=-,src=tensor-k2,dA=64,sec=L2]/L5[chunks=1@0,rel=reduced-evaluation,qrm=9152,cqrm=0,eor=592,in=162816,out=94656;witness=ET,s=-,h=-,partial=-,quotient=-,src=tensor-k2,dA=64,sec=L2]/T[method=ET,src=tensor-k2,eor=560,input=94656,dA=64,sec=L2]
fp64_dense	added	final=28:1;precommitted=	-	a46de3bb37f42fa48a71b95f2322aad4c4e9c8626b40c631cd6537cb251072a1	-	2883584	-	4194304	-	70489	-	7	-	877c6c78d199f31dcde9c1b63d016e7b6b18e53fae2e9da9e819114864ea235a	-	cutover=L2;L0[chunks=1@0,rel=quotient,qrm=0,cqrm=0,eor=0,in=268435456,out=41811520;witness=PACK,s=64,h=8,partial=128,quotient=128,src=canonical,dA=1024,sec=Linf]/L1[chunks=1@0,rel=quotient,qrm=0,cqrm=0,eor=0,in=41811520,out=2604544;witness=PACK,s=64,h=1,partial=128,quotient=128,src=canonical,dA=128,sec=Linf]/L2[chunks=1@0,rel=reduced-evaluation,qrm=14336,cqrm=1536,eor=720,in=2604544,out=618496;witness=ET,s=-,h=-,partial=-,quotient=-,src=tensor-k2,dA=64,sec=Linf]/L3[chunks=1@0,rel=reduced-evaluation,qrm=13312,cqrm=1536,eor=656,in=618496,out=293888;witness=ET,s=-,h=-,partial=-,quotient=-,src=tensor-k2,dA=64,sec=Linf]/L4[chunks=1@0,rel=reduced-evaluation,qrm=10240,cqrm=0,eor=624,in=293888,out=162816;witness=ET,s=-,h=-,partial=-,quotient=-,src=tensor-k2,dA=64,sec=L2]/L5[chunks=1@0,rel=reduced-evaluation,qrm=9152,cqrm=0,eor=592,in=162816,out=94656;witness=ET,s=-,h=-,partial=-,quotient=-,src=tensor-k2,dA=64,sec=L2]/T[method=ET,src=tensor-k2,eor=560,input=94656,dA=64,sec=L2]
fp64_dense	added	final=29:1;precommitted=	-	a082674574a73638bfa1560ac8173d4e86d4e1bc9f62665c28e7c58fcc4f0d9c	-	4194304	-	4194304	-	70825	-	7	-	4ae56e3e7e62eb0e719016c0956f4ea8fbfa0a4f4f9334ce7e6a6caa1c0a9a02	-	cutover=L2;L0[chunks=1@0,rel=quotient,qrm=0,cqrm=0,eor=0,in=536870912,out=62412352;witness=PACK,s=64,h=16,partial=128,quotient=128,src=canonical,dA=2048,sec=Linf]/L1[chunks=1@0,rel=quotient,qrm=0,cqrm=0,eor=0,in=62412352,out=3343872;witness=PACK,s=64,h=2,partial=128,quotient=128,src=canonical,dA=256,sec=Linf]/L2[chunks=1@0,rel=reduced-evaluation,qrm=14336,cqrm=1536,eor=720,in=3343872,out=679936;witness=ET,s=-,h=-,partial=-,quotient=-,src=tensor-k2,dA=64,sec=Linf]/L3[chunks=1@0,rel=reduced-evaluation,qrm=12288,cqrm=1536,eor=656,in=679936,out=290816;witness=ET,s=-,h=-,partial=-,quotient=-,src=tensor-k2,dA=64,sec=L2]/L4[chunks=1@0,rel=reduced-evaluation,qrm=10240,cqrm=0,eor=624,in=290816,out=162816;witness=ET,s=-,h=-,partial=-,quotient=-,src=tensor-k2,dA=64,sec=L2]/L5[chunks=1@0,rel=reduced-evaluation,qrm=9152,cqrm=0,eor=592,in=162816,out=94656;witness=ET,s=-,h=-,partial=-,quotient=-,src=tensor-k2,dA=64,sec=L2]/T[method=ET,src=tensor-k2,eor=560,input=94656,dA=64,sec=L2]
fp64_dense	added	final=30:1;precommitted=	-	0661c6ea7796b195873f4f0afc34e1f8ab8b773648907a24b0f5110247bb10d2	-	5767168	-	8388608	-	71779	-	7	-	448226eec13be31f631f3cc5e55e6ab70696f536f1f6e3b5818d68dfbe6a3ce1	-	cutover=L2;L0[chunks=1@0,rel=quotient,qrm=0,cqrm=0,eor=0,in=1073741824,out=86638144;witness=PACK,s=64,h=8,partial=128,quotient=128,src=canonical,dA=1024,sec=Linf]/L1[chunks=1@0,rel=quotient,qrm=0,cqrm=0,eor=0,in=86638144,out=7072064;witness=PACK,s=256,h=1,partial=512,quotient=512,src=canonical,dA=512,sec=Linf]/L2[chunks=1@0,rel=reduced-evaluation,qrm=18304,cqrm=2112,eor=752,in=7072064,out=1300992;witness=ET,s=-,h=-,partial=-,quotient=-,src=tensor-k2,dA=64,sec=Linf]/L3[chunks=1@0,rel=reduced-evaluation,qrm=11264,cqrm=1536,eor=688,in=1300992,out=360448;witness=ET,s=-,h=-,partial=-,quotient=-,src=tensor-k2,dA=64,sec=L2]/L4[chunks=1@0,rel=reduced-evaluation,qrm=10240,cqrm=1536,eor=624,in=360448,out=193536;witness=ET,s=-,h=-,partial=-,quotient=-,src=tensor-k2,dA=64,sec=L2]/L5[chunks=1@0,rel=reduced-evaluation,qrm=9984,cqrm=0,eor=592,in=193536,out=105472;witness=ET,s=-,h=-,partial=-,quotient=-,src=tensor-k2,dA=64,sec=Linf]/T[method=ET,src=tensor-k2,eor=560,input=105472,dA=64,sec=L2]
fp64_onehot	changed	final=28:1;precommitted=	a46de3bb37f42fa48a71b95f2322aad4c4e9c8626b40c631cd6537cb251072a1	a46de3bb37f42fa48a71b95f2322aad4c4e9c8626b40c631cd6537cb251072a1	2097152	1048576	2097152	1048576	72404	68544	7	7	f974b934ab2d79902e06e9efaf0006c053a5072ff24c5bfabe81056ff29d2728	f7e657b04aa5b3eed92790d1d1f4cc74167a6fa25301fac4062cf0ae1fd581be	L0[chunks=1@0,eor=912,in=268435456,out=7560448;witness=ET,s=-,h=-,partial=-,quotient=-,src=legacy,dA=256,sec=Linf]/L1[chunks=1@0,eor=752,in=7560448,out=1388736;witness=ET,s=-,h=-,partial=-,quotient=-,src=legacy,dA=64,sec=Linf]/L2[chunks=1@0,eor=688,in=1388736,out=608704;witness=ET,s=-,h=-,partial=-,quotient=-,src=legacy,dA=64,sec=Linf]/L3[chunks=1@0,eor=656,in=608704,out=267776;witness=ET,s=-,h=-,partial=-,quotient=-,src=legacy,dA=64,sec=L2]/L4[chunks=1@0,eor=624,in=267776,out=190976;witness=ET,s=-,h=-,partial=-,quotient=-,src=legacy,dA=64,sec=L2]/L5[chunks=1@0,eor=592,in=190976,out=109632;witness=ET,s=-,h=-,partial=-,quotient=-,src=legacy,dA=64,sec=L2]/T[method=ET,src=legacy,eor=560,input=109632,dA=64,sec=L2]	cutover=L2;L0[chunks=1@0,rel=quotient,qrm=0,cqrm=0,eor=0,in=268435456,out=6825536;witness=PACK,s=64,h=4,partial=128,quotient=128,src=canonical,dA=512,sec=Linf]/L1[chunks=1@0,rel=quotient,qrm=0,cqrm=0,eor=0,in=6825536,out=1541952;witness=PACK,s=64,h=1,partial=128,quotient=128,src=canonical,dA=128,sec=Linf]/L2[chunks=1@0,rel=reduced-evaluation,qrm=18304,cqrm=2112,eor=688,in=1541952,out=616448;witness=ET,s=-,h=-,partial=-,quotient=-,src=tensor-k2,dA=64,sec=Linf]/L3[chunks=1@0,rel=reduced-evaluation,qrm=13312,cqrm=1536,eor=656,in=616448,out=293888;witness=ET,s=-,h=-,partial=-,quotient=-,src=tensor-k2,dA=64,sec=Linf]/L4[chunks=1@0,rel=reduced-evaluation,qrm=10240,cqrm=0,eor=624,in=293888,out=162816;witness=ET,s=-,h=-,partial=-,quotient=-,src=tensor-k2,dA=64,sec=L2]/L5[chunks=1@0,rel=reduced-evaluation,qrm=9152,cqrm=0,eor=592,in=162816,out=94656;witness=ET,s=-,h=-,partial=-,quotient=-,src=tensor-k2,dA=64,sec=L2]/T[method=ET,src=tensor-k2,eor=560,input=94656,dA=64,sec=L2]
fp64_onehot	changed	final=30:1;precommitted=	0661c6ea7796b195873f4f0afc34e1f8ab8b773648907a24b0f5110247bb10d2	0661c6ea7796b195873f4f0afc34e1f8ab8b773648907a24b0f5110247bb10d2	4194304	2097152	4194304	2097152	73284	68994	7	7	ac57c4f2d89bdc1c898d5cf4cbf6e66036a7e24dd6b9c8c19a7f7ebce4e68ca4	deb450faf423f4f7996c28a671f75bfca545b22810c35815c393de9563d6f7c0	L0[chunks=1@0,eor=976,in=1073741824,out=15031552;witness=ET,s=-,h=-,partial=-,quotient=-,src=legacy,dA=256,sec=Linf]/L1[chunks=1@0,eor=784,in=15031552,out=1902016;witness=ET,s=-,h=-,partial=-,quotient=-,src=legacy,dA=64,sec=Linf]/L2[chunks=1@0,eor=688,in=1902016,out=540160;witness=ET,s=-,h=-,partial=-,quotient=-,src=legacy,dA=64,sec=Linf]/L3[chunks=1@0,eor=656,in=540160,out=271872;witness=ET,s=-,h=-,partial=-,quotient=-,src=legacy,dA=64,sec=L2]/L4[chunks=1@0,eor=624,in=271872,out=190976;witness=ET,s=-,h=-,partial=-,quotient=-,src=legacy,dA=64,sec=L2]/L5[chunks=1@0,eor=592,in=190976,out=109632;witness=ET,s=-,h=-,partial=-,quotient=-,src=legacy,dA=64,sec=L2]/T[method=ET,src=legacy,eor=560,input=109632,dA=64,sec=L2]	cutover=L3;L0[chunks=1@0,rel=quotient,qrm=0,cqrm=0,eor=0,in=1073741824,out=13575744;witness=PACK,s=64,h=4,partial=128,quotient=128,src=canonical,dA=512,sec=Linf]/L1[chunks=1@0,rel=quotient,qrm=0,cqrm=0,eor=0,in=13575744,out=2049344;witness=PACK,s=64,h=1,partial=128,quotient=128,src=canonical,dA=128,sec=Linf]/L2[chunks=1@0,rel=quotient,qrm=0,cqrm=0,eor=688,in=2049344,out=749504;witness=ET,s=-,h=-,partial=-,quotient=-,src=tensor-k2,dA=64,sec=Linf]/L3[chunks=1@0,rel=reduced-evaluation,qrm=11264,cqrm=1536,eor=656,in=749504,out=283648;witness=ET,s=-,h=-,partial=-,quotient=-,src=tensor-k2,dA=64,sec=L2]/L4[chunks=1@0,rel=reduced-evaluation,qrm=10240,cqrm=0,eor=624,in=283648,out=162816;witness=ET,s=-,h=-,partial=-,quotient=-,src=tensor-k2,dA=64,sec=L2]/L5[chunks=1@0,rel=reduced-evaluation,qrm=9152,cqrm=0,eor=592,in=162816,out=94656;witness=ET,s=-,h=-,partial=-,quotient=-,src=tensor-k2,dA=64,sec=L2]/T[method=ET,src=tensor-k2,eor=560,input=94656,dA=64,sec=L2]
fp64_onehot	added	final=34:1;precommitted=	-	66a207dd2ca7efff383d2cbfb09722aa71c0b3e44ba990a146833ebba9496679	-	8388608	-	8388608	-	71779	-	7	-	73a9ad6c574753a827b0746842afac343f1bbf0d88996266a7f22ed42cc30547	-	cutover=L2;L0[chunks=1@0,rel=quotient,qrm=0,cqrm=0,eor=0,in=17179869184,out=85589568;witness=PACK,s=64,h=8,partial=128,quotient=128,src=canonical,dA=1024,sec=Linf]/L1[chunks=1@0,rel=quotient,qrm=0,cqrm=0,eor=0,in=85589568,out=7038272;witness=PACK,s=256,h=1,partial=512,quotient=512,src=canonical,dA=512,sec=Linf]/L2[chunks=1@0,rel=reduced-evaluation,qrm=18304,cqrm=2112,eor=752,in=7038272,out=1300992;witness=ET,s=-,h=-,partial=-,quotient=-,src=tensor-k2,dA=64,sec=Linf]/L3[chunks=1@0,rel=reduced-evaluation,qrm=11264,cqrm=1536,eor=688,in=1300992,out=360448;witness=ET,s=-,h=-,partial=-,quotient=-,src=tensor-k2,dA=64,sec=L2]/L4[chunks=1@0,rel=reduced-evaluation,qrm=10240,cqrm=1536,eor=624,in=360448,out=193536;witness=ET,s=-,h=-,partial=-,quotient=-,src=tensor-k2,dA=64,sec=L2]/L5[chunks=1@0,rel=reduced-evaluation,qrm=9984,cqrm=0,eor=592,in=193536,out=105472;witness=ET,s=-,h=-,partial=-,quotient=-,src=tensor-k2,dA=64,sec=Linf]/T[method=ET,src=tensor-k2,eor=560,input=105472,dA=64,sec=L2]
fp64_onehot	added	final=35:1;precommitted=	-	bfb5adcb7db566d2caa4ca8d06480c0b099cf7f3e72a2b1f762b149ecb03e830	-	16777216	-	16777216	-	71779	-	7	-	84831b45656c4d272159119e80760ab8875889f2bd32859029355ae635a419e0	-	cutover=L4;L0[chunks=1@0,rel=quotient,qrm=0,cqrm=0,eor=0,in=34359738368,out=84990848;witness=PACK,s=128,h=2,partial=256,quotient=256,src=canonical,dA=512,sec=Linf]/L1[chunks=1@0,rel=quotient,qrm=0,cqrm=0,eor=0,in=84990848,out=5391168;witness=PACK,s=64,h=2,partial=128,quotient=128,src=canonical,dA=256,sec=Linf]/L2[chunks=1@0,rel=quotient,qrm=0,cqrm=0,eor=752,in=5391168,out=1152448;witness=ET,s=-,h=-,partial=-,quotient=-,src=tensor-k2,dA=64,sec=Linf]/L3[chunks=1@0,rel=quotient,qrm=0,cqrm=0,eor=688,in=1152448,out=358912;witness=ET,s=-,h=-,partial=-,quotient=-,src=tensor-k2,dA=64,sec=L2]/L4[chunks=1@0,rel=reduced-evaluation,qrm=10240,cqrm=1536,eor=624,in=358912,out=193536;witness=ET,s=-,h=-,partial=-,quotient=-,src=tensor-k2,dA=64,sec=L2]/L5[chunks=1@0,rel=reduced-evaluation,qrm=9984,cqrm=0,eor=592,in=193536,out=105472;witness=ET,s=-,h=-,partial=-,quotient=-,src=tensor-k2,dA=64,sec=Linf]/T[method=ET,src=tensor-k2,eor=560,input=105472,dA=64,sec=L2]
